match,team,home_away,ballPossession,expectedGoals,bigChanceCreated,totalShotsOnGoal,goalkeeperSaves,cornerKicks,fouls,passes,totalTackle,freeKicks,yellowCards,shotsOnGoal,hitWoodwork,shotsOffGoal,blockedScoringAttempt,totalShotsInsideBox,totalShotsOutsideBox,bigChanceScored,bigChanceMissed,touchesInOppBox,fouledFinalThird,offsides,accuratePasses,throwIns,finalThirdEntries,finalThirdPhaseStatistic,accurateLongBalls,accurateCross,duelWonPercent,dispossessed,groundDuelsPercentage,aerialDuelsPercentage,dribblesPercentage,wonTacklePercent,interceptionWon,ballRecovery,totalClearance,errorsLeadToShot,goalsPrevented,diveSaves,highClaims,punches,goalKicks,errorsLeadToGoal,accurateThroughBall,redCards,penaltySaves
13981431,Sassuolo,Home,38,0,0,7,2,1,17,368,16,17,3,2,0,4,1,3,4,0,0,9,1,0,311,10,44,54,12,0,45,7,39,6,8,13,12,45,14,2,0,0,1,2,5,0,0,1,0
13981431,Napoli,Away,62,1,2,13,2,2,17,606,14,17,1,4,2,4,5,7,6,1,1,12,4,0,545,18,41,84,17,2,55,7,37,17,8,9,5,45,10,0,0,1,1,0,7,0,2,0,0
13981422,Genoa,Home,59,0,0,5,0,3,16,435,23,13,2,2,0,2,1,2,3,0,0,6,1,0,327,19,42,40,16,0,55,8,44,16,9,15,6,49,24,0,0,0,1,0,8,0,0,0,0
13981422,Lecce,Away,41,0,1,7,2,7,13,294,15,16,3,0,0,3,4,5,2,0,1,16,2,2,207,28,51,66,21,3,45,12,30,19,2,8,12,41,18,0,0,2,1,1,6,0,1,0,0
13981439,Milan,Home,64,1,2,24,1,9,10,608,8,14,1,6,2,9,9,16,8,1,1,49,0,1,551,28,68,149,25,9,54,4,34,13,12,5,4,42,20,1,0,1,1,0,2,0,0,0,0
13981439,Cremonese,Away,36,0,1,4,4,2,14,340,17,10,4,3,0,1,0,4,0,1,0,5,1,1,278,14,29,31,18,4,46,4,30,10,5,13,6,37,37,1,0,1,2,1,13,0,0,0,0
13981428,Roma,Home,51,1,2,14,2,2,15,414,13,13,1,4,1,9,1,8,6,1,1,24,3,1,338,16,42,66,26,3,47,7,31,12,5,7,9,59,17,0,0,0,1,0,7,0,0,0,0
13981428,Bologna,Away,49,0,0,10,3,4,13,388,14,15,1,2,1,7,1,6,4,0,0,10,1,1,301,23,43,33,36,4,53,8,34,14,5,9,5,54,16,2,0,2,0,0,7,1,0,0,0
13981425,Cagliari,Home,45,1,2,14,0,3,18,356,12,14,4,6,0,7,1,10,4,1,1,25,3,1,293,18,40,66,26,5,42,10,31,8,5,7,3,40,27,0,0,0,0,0,7,0,0,0,0
13981425,Fiorentina,Away,55,0,2,4,4,2,14,439,18,18,2,1,0,2,1,2,2,1,1,10,3,4,365,15,52,51,15,4,58,6,42,12,7,12,6,41,16,0,0,1,0,0,12,1,0,0,0
13981438,Udinese,Home,63,0,1,14,2,5,10,478,13,14,3,4,2,6,4,8,6,1,0,18,1,2,416,19,61,85,33,4,51,14,36,23,10,9,3,38,35,0,0,1,0,1,4,0,1,0,0
13981438,Hellas Verona,Away,37,0,1,9,4,1,14,286,22,10,2,3,1,4,2,2,7,1,0,5,1,2,210,20,51,44,24,1,49,7,41,15,9,12,10,39,26,0,0,0,1,2,9,0,0,0,0
13981444,Atalanta,Home,66,1,3,21,2,10,9,552,12,10,2,6,1,12,3,14,7,0,3,44,1,0,477,22,64,121,33,10,48,9,40,17,18,8,5,43,23,0,0,0,1,0,9,0,1,0,0
13981444,Pisa,Away,34,0,1,11,5,4,10,289,17,9,0,2,0,6,3,7,4,0,1,13,5,2,218,13,47,44,37,6,52,8,28,34,4,9,8,49,32,1,1,2,1,0,13,0,1,0,0
13981423,Como,Home,63,1,2,19,1,6,15,537,25,12,2,6,1,12,1,12,7,1,1,32,4,0,484,24,41,96,21,4,54,10,51,8,14,18,10,35,8,0,0,0,1,0,6,0,1,0,0
13981423,Lazio,Away,37,0,0,5,4,0,12,309,24,15,3,1,0,3,1,3,2,0,0,14,1,1,260,26,30,38,20,3,46,15,44,6,5,12,11,34,19,1,0,2,1,0,11,0,0,0,0
13981424,Juventus,Home,64,2,4,25,1,6,9,512,15,13,1,8,1,12,5,14,11,2,2,35,1,0,457,15,48,172,13,7,62,3,36,25,11,9,12,50,19,0,0,1,3,0,4,0,1,1,0
13981424,Parma,Away,36,0,1,8,6,6,13,275,12,9,2,2,0,4,2,4,4,0,1,10,2,0,207,17,42,38,23,4,38,10,24,14,3,7,6,39,18,0,0,1,1,0,15,0,0,0,0
13981421,Inter,Home,60,1,6,20,4,6,14,577,14,6,0,9,0,8,3,14,6,4,2,37,1,4,530,12,41,83,36,7,51,5,25,14,5,8,6,46,16,2,1,0,1,0,5,0,0,0,0
13981421,Torino,Away,40,0,1,12,4,5,6,379,10,14,0,4,0,3,5,8,4,0,1,16,0,1,328,12,31,52,20,5,49,11,32,6,8,4,3,33,10,1,-2,3,1,0,7,3,0,0,0
13981446,Lazio,Home,70,4,6,22,4,8,8,702,9,19,0,6,0,8,8,14,8,4,2,31,7,1,643,17,97,127,37,4,58,11,39,13,11,6,14,49,5,4,0,1,1,0,3,0,3,0,0
13981446,Hellas Verona,Away,30,0,0,12,2,1,19,300,20,8,0,4,1,5,3,8,4,0,0,20,0,1,236,12,34,33,23,2,42,1,33,4,6,12,9,41,24,0,0,0,1,0,8,2,1,0,0
13981433,Bologna,Home,36,1,1,15,2,7,13,242,16,19,4,2,0,6,7,10,5,0,1,17,2,3,169,28,42,28,21,5,52,8,41,12,7,11,9,44,26,0,0,0,0,0,5,0,0,0,0
13981433,Como,Away,64,0,0,13,1,4,19,459,16,13,4,2,0,5,6,8,5,0,0,30,0,0,379,21,49,54,18,4,48,11,35,13,6,10,7,42,25,0,0,0,1,0,5,0,0,0,0
13981432,Inter,Home,68,1,3,16,3,13,17,497,12,5,1,4,0,10,2,13,3,1,2,41,0,2,426,25,64,106,36,8,51,4,27,21,11,6,5,36,16,1,0,0,0,0,8,0,0,0,0
13981432,Udinese,Away,32,1,1,10,2,2,5,245,8,16,3,5,0,4,1,4,6,1,0,13,3,0,179,21,39,46,21,1,49,8,25,22,5,3,4,30,45,0,0,0,0,0,11,0,0,0,0
13981429,Torino,Home,45,1,2,7,3,7,21,292,7,13,2,4,0,2,1,6,1,0,2,22,2,2,225,18,38,54,24,5,47,8,24,19,4,5,6,31,21,0,0,2,0,0,14,0,0,0,0
13981429,Fiorentina,Away,55,1,1,16,4,3,13,369,11,21,2,4,0,8,4,8,8,0,1,20,2,1,307,13,36,46,17,4,53,4,30,18,3,5,10,32,23,0,1,0,0,1,4,0,1,0,0
13981426,Parma,Home,46,0,1,7,2,1,8,345,10,15,2,3,0,3,1,3,4,1,0,19,3,1,269,17,74,68,23,3,41,12,27,14,6,6,8,49,16,1,0,0,0,0,5,0,0,0,0
13981426,Atalanta,Away,54,0,1,11,2,2,15,420,23,8,2,3,1,4,4,8,3,0,1,25,0,4,334,17,47,64,31,2,59,4,37,22,8,14,7,47,49,0,0,1,0,0,6,0,0,0,0
13981441,Pisa,Home,31,0,2,7,4,1,14,266,22,10,2,3,0,4,0,2,5,0,2,8,1,2,176,19,39,42,18,2,45,7,36,17,5,12,11,49,37,0,0,1,1,0,9,0,0,0,0
13981441,Roma,Away,69,0,1,10,3,7,10,581,16,14,1,5,0,2,3,6,4,0,1,35,5,1,485,26,80,147,30,5,55,13,44,22,15,7,7,57,23,0,0,0,0,0,6,0,0,0,0
13981447,Lecce,Home,45,0,0,7,4,4,10,388,16,8,1,2,1,2,3,5,2,0,0,19,1,1,331,13,49,79,31,4,49,7,27,13,3,9,1,39,18,0,0,1,0,0,9,1,0,0,0
13981447,Milan,Away,55,1,4,14,2,5,8,482,18,10,0,6,0,5,3,11,3,1,3,35,4,4,416,17,40,89,23,7,51,5,33,9,5,11,9,41,17,0,0,1,3,0,4,0,2,0,0
13981436,Napoli,Home,67,1,2,20,1,13,16,615,4,12,2,6,1,8,6,15,5,0,2,37,5,3,554,23,61,133,16,7,40,13,22,10,6,3,7,36,6,1,0,0,0,0,9,0,1,0,0
13981436,Cagliari,Away,33,0,1,10,5,0,12,310,16,16,1,1,0,8,1,3,7,0,1,9,1,1,252,5,24,26,16,3,60,3,33,15,2,8,4,39,42,2,0,3,6,0,11,0,0,0,0
13981448,Genoa,Home,44,0,0,10,2,3,14,350,21,15,1,1,1,6,3,6,4,0,0,14,2,0,264,23,45,45,12,3,50,15,43,17,7,12,6,41,20,0,0,1,0,0,7,0,0,0,0
13981448,Juventus,Away,56,1,2,13,1,4,15,449,26,14,2,3,0,4,6,8,5,1,1,20,0,2,358,31,28,63,21,5,50,12,44,15,5,13,6,43,21,1,0,1,1,1,8,0,0,0,0
13981443,Cremonese,Home,42,3,6,11,4,5,12,359,19,16,2,6,0,2,3,8,3,3,3,17,4,0,271,30,39,55,21,2,57,8,40,15,6,12,5,36,17,0,0,2,0,0,6,0,0,0,0
13981443,Sassuolo,Away,58,1,2,9,3,4,17,507,11,11,2,6,1,2,1,6,3,2,0,22,2,2,428,14,57,78,28,4,43,9,27,15,5,8,3,46,27,0,0,0,0,0,3,1,0,0,0
13981435,Juventus,Home,41,0,1,12,1,5,14,357,17,10,2,4,0,3,5,5,7,1,0,15,1,1,296,14,38,56,14,3,48,5,31,9,4,10,6,33,38,1,-1,0,1,0,8,0,1,0,0
13981435,Inter,Away,59,0,1,18,0,9,10,503,9,14,2,4,0,8,6,8,10,1,0,33,1,1,452,21,56,158,20,10,52,10,25,19,2,4,6,32,19,0,-2,0,0,0,3,0,0,0,0
13981442,Fiorentina,Home,53,1,2,19,5,8,14,456,13,14,0,3,0,8,8,14,5,0,2,32,1,0,373,14,45,69,18,7,50,8,35,17,9,7,6,49,15,0,0,1,1,0,6,0,1,0,0
13981442,Napoli,Away,47,3,6,14,2,5,14,419,14,13,0,9,1,2,3,11,3,3,3,27,4,0,346,11,52,72,16,1,50,7,34,19,8,11,6,45,32,1,0,0,3,0,11,0,2,0,0
13981445,Pisa,Home,51,0,2,12,2,8,13,382,14,15,1,2,0,6,4,9,3,0,2,22,0,1,318,16,57,81,21,5,57,5,37,20,8,9,4,47,23,2,0,0,0,1,4,0,0,0,0
13981445,Udinese,Away,49,1,4,13,2,6,15,375,13,13,2,3,0,4,6,7,6,1,3,23,1,1,301,20,50,62,21,1,43,7,29,14,5,7,5,39,34,2,0,0,0,1,13,0,0,0,0
13981434,Roma,Home,73,1,0,22,3,7,11,590,12,17,2,5,0,10,7,12,10,0,0,30,7,1,530,19,72,163,25,7,47,10,33,18,5,6,7,44,11,0,1,2,0,0,3,0,0,0,0
13981434,Torino,Away,27,0,1,8,5,4,17,223,23,11,3,4,0,3,1,4,4,0,1,9,1,4,155,14,50,42,16,3,53,4,39,19,5,15,5,42,42,0,0,1,0,0,11,0,0,0,0
13981451,Hellas Verona,Home,46,1,3,20,3,10,18,412,11,3,2,9,0,6,5,12,8,0,3,27,1,4,332,15,69,83,20,4,45,1,23,17,9,7,9,55,21,0,0,2,0,0,5,0,3,0,0
13981451,Cremonese,Away,54,0,0,6,9,1,3,492,8,18,1,2,0,2,2,2,4,0,0,5,0,1,401,19,51,39,21,3,55,6,30,18,6,3,4,48,33,2,1,3,1,0,7,0,0,0,0
13981430,Como,Home,53,1,2,13,4,0,13,452,15,17,2,4,0,3,6,7,6,0,2,16,0,0,379,32,36,58,25,0,44,12,39,16,8,6,6,49,24,0,0,0,2,0,2,0,0,1,0
13981430,Genoa,Away,47,2,5,12,3,8,17,396,30,13,2,6,1,0,6,9,3,1,4,23,0,0,323,22,44,59,24,2,56,10,58,11,16,20,10,47,17,0,0,0,0,0,5,0,1,0,0
13981437,Milan,Home,39,1,3,14,0,7,17,336,14,16,3,3,4,7,4,10,4,0,3,23,4,2,286,18,38,62,17,3,51,2,37,11,9,11,5,40,24,1,0,0,2,0,3,0,2,0,0
13981437,Bologna,Away,61,0,0,5,2,4,16,521,13,17,2,0,1,2,3,3,2,0,0,9,2,1,453,12,45,78,31,5,49,10,35,12,6,7,5,40,19,3,0,0,2,3,6,0,0,0,0
13981449,Sassuolo,Home,41,1,1,10,3,3,15,415,20,11,6,3,0,5,2,8,2,1,0,22,0,0,350,18,41,52,25,4,54,8,35,14,5,12,12,41,31,0,1,1,1,2,6,0,0,0,0
13981449,Lazio,Away,59,0,1,13,2,7,11,590,12,15,3,3,0,6,4,11,2,0,1,21,2,1,514,18,76,127,15,5,46,10,32,10,6,7,9,44,15,1,0,0,0,0,3,0,1,0,0
13981450,Atalanta,Home,57,2,4,19,2,8,12,456,14,7,0,8,1,8,3,13,6,2,2,34,1,3,390,14,51,95,14,3,52,6,33,14,12,11,6,54,20,1,0,0,0,0,5,0,0,0,0
13981450,Lecce,Away,43,0,1,12,4,2,7,357,13,12,0,3,0,4,5,4,8,0,1,18,2,1,284,18,65,94,20,4,48,7,33,11,8,6,9,34,30,1,-1,0,0,1,12,1,0,0,0
13981427,Cagliari,Home,51,1,4,12,6,4,15,396,14,18,3,5,1,3,4,8,4,2,2,16,1,3,319,21,36,42,23,2,48,12,38,15,7,8,10,38,32,2,1,3,4,1,10,0,0,0,0
13981427,Parma,Away,49,1,4,17,3,5,18,375,20,15,1,5,1,5,7,11,6,0,4,26,4,0,303,19,53,71,18,7,52,10,42,16,7,13,5,47,14,0,0,0,0,0,4,0,0,0,0
13981455,Lecce,Home,52,0,2,11,4,4,10,378,17,19,2,5,0,6,0,8,3,1,1,18,2,0,319,23,48,72,26,7,55,8,42,18,5,8,3,34,23,1,0,1,0,0,5,0,0,0,0
13981455,Cagliari,Away,48,2,3,15,4,7,19,351,20,9,3,6,2,6,3,13,2,2,1,29,1,2,284,15,38,55,15,5,45,12,37,12,7,8,10,40,17,1,0,3,2,2,10,0,1,0,0
13981452,Hellas Verona,Home,28,1,2,14,3,5,18,216,23,9,3,4,0,8,2,7,7,1,1,14,2,1,146,21,39,43,16,3,43,14,33,10,1,14,15,45,21,0,0,0,0,0,7,0,0,0,0
13981452,Juventus,Away,72,0,1,10,3,3,10,570,16,18,3,4,0,4,2,6,4,0,1,21,5,1,495,22,72,131,30,4,57,10,42,16,8,9,6,43,24,1,0,1,1,0,7,0,0,0,0
13981461,Fiorentina,Home,39,0,0,8,5,2,16,313,22,19,4,1,0,4,3,4,4,0,0,14,2,2,241,10,42,43,22,3,51,8,48,12,7,11,11,48,17,0,0,1,0,0,11,0,0,0,0
13981461,Como,Away,61,1,4,19,0,6,19,502,18,16,3,7,0,9,3,10,9,2,2,24,4,2,426,17,46,94,24,5,49,12,41,17,7,11,5,52,33,0,0,0,1,0,10,0,1,0,0
13981456,Inter,Home,61,1,5,20,4,7,15,489,18,8,2,6,0,8,6,16,4,1,4,45,2,2,433,15,51,139,24,10,49,11,33,17,7,14,2,46,23,0,0,1,0,0,3,0,0,0,0
13981456,Sassuolo,Away,39,0,2,9,5,3,8,316,19,15,1,5,0,1,3,5,4,1,1,10,1,3,257,12,35,37,28,1,51,13,36,17,5,6,5,41,32,0,0,2,3,1,9,0,1,0,0
13981458,Napoli,Home,64,1,0,18,4,5,10,594,16,18,1,6,0,4,8,12,6,0,0,29,0,1,533,17,50,112,15,2,52,12,39,7,6,12,8,52,14,1,1,0,0,0,5,1,1,0,0
13981458,Pisa,Away,36,2,4,15,3,3,18,331,19,9,2,6,0,3,6,11,4,2,2,17,2,0,267,11,44,59,20,3,48,7,32,10,6,16,8,54,20,3,0,0,3,0,4,0,0,0,0
13981454,Torino,Home,39,1,2,11,2,1,11,386,14,8,0,5,0,3,3,5,6,0,2,19,1,1,324,16,58,62,24,2,44,9,28,10,5,9,12,47,19,0,0,0,0,1,3,0,0,0,0
13981454,Atalanta,Away,61,1,2,9,5,0,9,617,16,11,0,5,1,3,1,8,1,2,0,20,2,0,541,13,50,102,34,3,56,4,32,16,5,11,3,42,20,0,1,1,1,1,10,0,1,0,1
13981457,Lazio,Home,49,1,1,10,5,3,14,390,14,22,1,2,1,8,0,6,4,0,1,14,2,0,315,14,44,53,19,3,57,10,41,15,7,9,8,50,16,0,0,2,2,3,5,1,1,2,0
13981457,Roma,Away,51,1,1,13,2,6,22,408,17,14,1,6,0,6,1,12,1,0,1,23,2,4,336,20,43,104,24,4,43,10,34,9,3,9,11,49,20,1,0,0,1,0,10,0,0,0,0
13981463,Cremonese,Home,52,0,0,3,3,3,16,416,10,8,1,1,0,1,1,2,1,0,0,12,1,6,343,18,49,56,24,3,46,11,20,18,3,4,3,38,41,0,0,1,3,1,10,0,0,0,0
13981463,Parma,Away,48,0,0,15,1,3,8,377,16,16,0,3,1,6,6,10,5,0,0,14,3,0,307,20,60,63,20,5,54,6,33,11,1,11,7,38,20,0,0,0,0,0,3,0,0,0,0
13981453,Udinese,Home,40,0,0,10,4,1,9,393,13,7,2,4,0,3,3,2,8,0,0,20,1,3,351,14,40,99,7,7,47,9,24,11,5,13,11,35,21,0,-1,2,1,0,7,1,0,0,0
13981453,Milan,Away,60,1,2,13,4,4,7,607,17,9,0,6,0,6,1,11,2,1,1,29,2,2,550,18,55,91,33,2,53,8,35,5,9,10,4,43,17,0,0,0,1,1,5,0,2,0,0
13981460,Bologna,Home,59,1,2,14,3,8,12,406,13,14,1,6,1,5,3,12,2,1,1,25,3,4,320,26,84,86,36,5,52,10,34,24,7,9,9,38,22,0,0,0,0,1,2,0,0,0,0
13981460,Genoa,Away,41,0,2,7,4,2,15,290,20,12,5,4,0,2,1,5,2,1,1,11,1,1,196,28,44,38,33,2,48,6,33,21,2,13,8,35,25,0,0,1,0,1,6,0,1,0,0
13981472,Milan,Home,37,0,1,6,6,1,7,359,11,7,1,3,0,2,1,5,1,1,0,12,1,1,298,9,28,31,20,0,46,3,19,10,3,6,10,39,24,1,1,2,1,1,11,0,1,1,0
13981472,Napoli,Away,63,2,2,19,1,7,7,604,12,6,0,7,1,6,6,12,7,1,1,21,3,0,551,13,82,169,17,8,54,6,23,11,4,6,3,42,7,0,-1,0,0,0,5,0,2,0,0
13981464,Genoa,Home,65,1,3,17,2,6,18,503,12,16,5,5,0,8,4,10,7,0,3,24,3,1,431,27,68,89,22,7,48,11,34,21,9,7,5,34,10,1,-1,0,0,0,3,1,2,0,0
13981464,Lazio,Away,35,1,6,9,5,0,16,280,16,18,1,6,1,3,0,8,1,3,3,16,1,2,194,13,32,27,17,2,52,6,33,26,1,5,5,37,36,1,1,2,2,0,9,0,1,0,0
13981462,Como,Home,58,1,3,14,1,4,16,451,15,17,3,6,0,5,3,7,7,1,2,14,3,0,377,23,52,52,25,3,49,9,32,15,2,11,4,39,21,1,0,0,1,1,8,0,0,1,0
13981462,Cremonese,Away,42,0,1,9,5,3,17,316,17,16,4,2,0,7,0,6,3,1,0,13,2,4,241,22,38,38,19,5,51,8,35,13,7,10,8,43,13,1,0,1,1,0,14,0,0,0,0
13981476,Sassuolo,Home,44,1,4,11,4,1,5,321,13,22,0,5,0,3,3,8,3,2,2,18,1,5,252,16,60,68,16,2,56,5,38,14,6,6,6,46,24,0,0,1,2,0,8,0,1,0,0
13981476,Udinese,Away,56,1,2,12,2,5,22,404,12,5,3,5,0,6,1,6,6,1,1,19,1,1,342,16,46,80,21,4,44,7,23,18,6,3,8,34,21,0,-1,0,0,1,7,0,0,0,0
13981465,Juventus,Home,67,1,2,24,1,14,6,600,13,7,0,10,1,6,8,14,10,1,1,39,3,1,537,19,60,150,39,12,57,3,34,12,14,4,4,52,9,1,0,0,0,0,8,1,0,0,0
13981465,Atalanta,Away,33,0,1,12,9,5,7,299,12,6,3,2,0,7,3,7,5,0,1,12,0,0,235,9,28,44,16,5,43,5,24,11,6,5,9,54,40,1,1,3,2,0,8,1,0,1,0
13981469,Roma,Home,57,0,2,10,3,8,11,432,16,19,0,5,0,2,3,6,4,1,1,16,3,0,315,26,49,73,16,4,48,9,33,25,0,6,7,57,25,2,0,1,1,0,9,0,0,0,0
13981469,Hellas Verona,Away,43,1,2,12,3,1,19,320,18,11,4,3,1,6,3,6,6,0,2,18,3,2,217,23,66,72,15,7,52,8,38,24,9,8,15,60,27,0,0,0,0,2,6,0,0,0,0
13981468,Lecce,Home,33,1,4,12,3,3,13,252,21,13,4,4,3,5,3,10,2,2,2,23,2,1,166,16,48,30,26,5,53,9,37,23,7,17,5,39,18,1,0,2,0,1,8,0,0,0,0
13981468,Bologna,Away,67,1,2,14,2,9,13,517,14,12,2,5,0,3,6,9,5,1,1,25,2,4,442,18,67,87,23,4,47,13,36,17,11,9,5,50,21,1,0,1,1,0,6,0,0,0,0
13981467,Pisa,Home,39,0,0,11,2,4,15,230,29,15,0,1,2,7,3,9,2,0,0,19,2,1,162,16,39,43,16,4,52,14,50,16,6,16,7,40,29,0,0,0,1,0,8,0,0,0,0
13981467,Fiorentina,Away,61,0,0,14,1,6,15,385,26,15,1,2,0,7,5,8,6,0,0,27,1,5,315,19,48,55,25,3,48,21,45,17,6,9,5,36,20,1,0,0,1,0,10,0,0,0,0
13981459,Cagliari,Home,42,0,1,6,3,4,13,374,12,14,0,0,1,4,2,5,1,0,1,10,2,1,301,23,50,59,27,4,49,8,32,9,7,7,17,40,17,1,0,1,1,0,14,0,0,0,0
13981459,Inter,Away,58,2,7,20,0,4,14,537,11,13,2,5,2,11,4,15,5,2,5,38,2,2,453,15,64,138,30,7,51,6,31,11,7,8,8,55,20,0,0,0,0,0,7,0,0,0,0
13981466,Parma,Home,37,1,2,13,3,4,10,270,15,11,3,2,0,7,4,6,7,2,0,12,4,1,195,16,54,41,17,4,48,13,26,23,2,9,5,47,31,0,0,1,2,2,6,0,0,0,0
13981466,Torino,Away,63,0,0,15,1,3,12,442,16,10,3,4,0,3,8,8,7,0,0,39,1,1,363,18,56,92,25,8,52,7,31,22,7,10,6,47,28,2,-1,1,0,2,6,0,0,0,0
13981483,Atalanta,Home,51,1,3,16,3,8,10,457,19,19,1,4,0,5,7,8,8,0,3,37,6,2,391,12,44,81,24,2,52,14,48,5,11,7,9,51,15,1,0,1,0,1,5,1,2,0,0
13981483,Como,Away,49,1,1,12,2,3,19,460,18,10,3,4,0,4,4,8,4,0,1,21,1,1,389,7,33,53,13,3,48,13,32,17,6,11,10,55,38,1,0,0,1,2,5,0,0,0,0
13981473,Lazio,Home,49,1,2,9,5,3,13,411,19,21,3,4,0,3,2,4,5,2,0,21,2,1,333,20,49,62,25,3,59,4,49,13,10,14,13,43,20,1,0,2,0,2,9,0,1,0,0
13981473,Torino,Away,51,1,4,16,1,5,22,425,12,13,3,8,0,7,1,10,6,3,1,22,2,1,352,23,50,66,20,5,41,13,30,13,6,3,11,47,24,1,-1,0,1,0,5,0,0,0,0
13981475,Inter,Home,66,3,11,27,1,13,9,595,12,8,1,9,0,12,6,16,11,3,8,44,1,4,525,20,60,163,25,14,49,9,23,10,3,6,10,43,17,0,0,0,0,0,5,0,2,0,0
13981475,Cremonese,Away,34,0,1,3,5,1,8,316,10,9,1,2,0,1,0,2,1,1,0,8,0,2,243,11,32,38,17,2,51,10,23,11,4,6,8,32,36,0,0,2,0,1,16,2,0,0,0
13981480,Parma,Home,63,0,2,10,2,4,16,476,14,16,1,2,0,6,2,7,3,0,2,19,2,2,388,15,59,78,26,4,55,4,30,29,0,11,3,45,20,0,0,1,2,0,9,0,0,0,0
13981480,Lecce,Away,37,0,1,7,2,9,16,277,15,16,2,3,0,3,1,4,3,0,1,12,3,2,182,14,54,44,22,4,45,4,33,16,5,7,4,44,31,0,0,0,1,1,13,0,0,0,0
13981470,Bologna,Home,71,3,6,24,0,2,16,547,17,12,0,7,1,12,5,15,9,2,4,35,4,1,485,23,69,148,37,4,47,10,36,10,7,11,4,42,15,0,0,0,1,1,5,0,1,0,0
13981470,Pisa,Away,29,0,0,2,3,2,12,211,19,16,1,0,0,2,0,2,0,0,0,5,3,2,147,17,31,28,20,4,53,7,41,10,6,15,10,42,13,0,-1,0,2,0,13,0,0,1,0
13981481,Hellas Verona,Home,58,0,0,17,2,4,14,438,17,12,2,9,0,6,2,9,8,0,0,25,1,0,348,23,55,100,23,4,47,7,32,15,5,12,6,40,16,0,0,0,0,0,5,0,0,0,1
13981481,Sassuolo,Away,42,1,2,11,9,2,12,315,15,13,3,3,0,4,4,6,5,1,1,17,6,1,238,18,44,44,23,3,53,9,34,20,7,7,7,42,36,0,1,4,2,0,11,0,0,0,0
13981474,Napoli,Home,69,1,4,12,0,7,16,554,13,15,1,5,1,4,3,10,2,2,2,28,1,2,462,26,71,98,26,8,52,9,31,19,6,5,4,43,22,0,0,0,1,0,10,0,0,0,0
13981474,Genoa,Away,31,0,1,6,3,5,15,245,15,16,3,1,0,3,2,1,5,1,0,8,1,2,168,17,35,31,14,3,48,6,35,11,5,15,10,42,34,0,0,2,0,0,7,0,0,0,0
13981471,Juventus,Home,51,1,1,12,4,6,15,475,5,8,2,3,0,7,2,8,4,0,1,22,1,0,422,14,55,100,17,5,42,3,17,9,4,4,8,31,12,1,1,0,1,1,11,0,0,0,0
13981471,Milan,Away,49,1,3,13,3,0,8,466,7,14,2,4,0,7,2,7,6,0,3,16,4,1,416,16,34,60,26,2,58,5,25,11,4,3,6,30,31,0,0,0,1,0,11,0,1,0,0
13981477,Udinese,Home,60,2,7,23,2,7,14,441,14,16,1,4,2,9,10,15,8,1,6,39,2,0,368,23,74,96,39,5,56,4,43,16,15,9,10,54,21,1,0,0,0,0,4,0,0,0,0
13981477,Cagliari,Away,40,0,1,8,3,2,16,299,20,14,2,2,0,4,2,5,3,1,0,12,0,0,216,18,29,34,18,3,44,6,36,11,4,11,5,35,36,3,1,3,4,0,21,1,0,0,0
13981478,Fiorentina,Home,45,1,2,11,2,3,19,373,12,21,2,3,2,6,2,4,7,0,2,10,1,2,293,17,48,48,13,3,51,8,40,9,7,8,11,48,13,0,-1,1,0,0,5,0,0,0,0
13981478,Roma,Away,55,1,2,8,2,4,21,467,17,19,3,3,0,3,2,5,3,0,2,16,2,0,384,13,48,71,21,4,49,7,34,13,3,7,7,47,22,0,0,0,0,0,12,0,0,0,0
13981482,Como,Home,45,1,2,12,4,4,17,361,23,15,3,6,0,3,3,9,3,1,1,26,0,1,293,22,39,63,22,6,49,8,36,11,3,11,5,42,21,0,0,0,1,1,11,0,0,0,0
13981482,Juventus,Away,55,0,1,15,4,1,15,447,10,17,1,3,0,8,4,9,6,0,1,35,3,2,373,21,45,56,14,2,51,15,40,9,13,4,9,45,8,1,0,1,0,1,6,0,0,0,0
13981485,Roma,Home,57,1,3,15,2,4,18,509,8,29,4,5,0,6,4,11,4,0,3,22,4,3,444,16,36,93,35,6,49,11,40,14,5,4,9,38,25,2,0,1,0,0,10,0,1,0,0
13981485,Inter,Away,43,0,1,12,5,5,29,389,23,18,3,3,1,7,2,7,5,1,0,25,2,0,302,13,48,58,24,1,51,7,41,15,2,14,6,43,24,0,1,2,0,0,9,0,1,0,0
13981479,Torino,Home,31,2,3,12,5,3,9,281,13,9,1,2,1,8,2,8,4,1,2,17,1,2,214,17,34,44,26,2,48,5,29,14,7,6,11,36,48,1,0,0,3,2,12,0,0,0,0
13981479,Napoli,Away,69,2,1,22,1,11,9,615,9,9,2,5,2,13,4,14,8,0,1,45,2,2,545,14,73,148,25,9,52,5,25,22,7,6,7,39,21,0,0,0,0,1,11,0,1,0,0
13981484,Pisa,Home,60,0,0,7,3,3,8,459,11,14,4,0,0,5,2,5,2,0,0,17,1,0,377,22,56,55,41,3,51,12,27,31,3,7,5,46,56,1,0,0,2,0,7,0,0,0,0
13981484,Hellas Verona,Away,40,1,2,15,0,8,14,290,22,8,2,3,0,8,4,12,3,0,2,27,2,2,197,41,64,58,22,7,49,7,34,21,6,10,4,36,24,0,0,0,3,0,10,0,0,0,0
13981487,Atalanta,Home,58,2,3,16,1,7,10,611,14,5,4,6,2,7,3,12,4,0,3,39,1,3,553,22,62,155,35,10,45,11,26,7,7,8,7,37,10,0,0,1,0,0,4,0,0,0,0
13981487,Lazio,Away,42,0,0,4,6,1,5,448,26,10,0,1,0,2,1,1,3,0,0,7,2,0,389,15,35,72,27,2,55,7,37,3,2,13,12,36,22,0,1,1,1,0,8,0,0,0,0
13981495,Cagliari,Home,42,0,1,4,5,2,15,311,12,22,1,3,0,1,0,1,3,0,1,8,5,5,242,24,40,31,21,1,53,5,41,10,8,7,7,36,26,1,0,1,2,0,6,0,1,0,0
13981495,Bologna,Away,58,1,2,10,3,7,22,436,16,15,3,7,0,2,1,4,6,1,1,18,1,1,368,17,60,63,35,5,47,9,36,9,5,13,10,39,26,0,0,1,0,1,4,0,0,0,0
13981486,Milan,Home,56,1,3,14,1,1,14,485,21,11,3,4,0,7,3,10,4,1,2,21,4,0,424,20,66,109,26,4,60,2,38,10,6,15,4,47,21,0,0,0,2,0,5,0,0,0,0
13981486,Fiorentina,Away,44,1,1,5,2,3,12,362,7,14,3,1,0,3,1,2,3,1,0,10,1,2,306,24,51,58,18,3,40,11,23,9,4,5,9,44,16,1,0,1,0,0,7,0,0,0,0
13981490,Lecce,Home,52,0,0,11,2,6,16,414,13,14,2,2,0,6,3,5,6,0,0,16,2,1,339,22,60,91,23,4,57,2,35,16,8,6,6,51,24,1,0,0,2,0,3,0,1,0,0
13981490,Sassuolo,Away,48,0,2,9,2,4,14,394,11,16,2,2,0,4,3,5,4,0,2,12,0,1,306,15,53,48,20,2,43,7,27,12,1,7,8,44,17,0,1,0,4,1,17,0,0,0,0
13981491,Cremonese,Home,52,1,2,11,0,5,15,367,16,14,4,4,2,5,2,6,5,1,1,11,3,1,283,22,51,48,34,3,42,11,35,11,5,9,2,36,24,0,0,0,0,1,10,0,0,0,0
13981491,Udinese,Away,48,0,2,8,2,4,14,340,22,15,2,1,0,5,2,6,2,1,1,28,3,2,275,18,47,84,43,5,58,4,43,21,6,10,6,37,34,0,0,0,1,1,12,0,0,0,0
13981494,Genoa,Home,69,2,3,23,0,3,15,543,11,12,2,7,0,9,7,10,13,0,3,32,3,2,477,20,62,148,18,7,48,5,32,9,9,4,5,41,23,0,0,0,0,0,6,0,0,0,0
13981494,Parma,Away,31,0,0,1,7,0,13,257,15,15,5,0,0,1,0,0,1,0,0,6,0,1,172,22,41,27,17,1,52,7,32,12,3,8,7,29,30,0,1,4,2,0,17,0,0,1,1
13981497,Parma,Home,29,0,4,10,2,3,7,234,16,14,0,3,1,4,3,6,4,0,4,21,2,3,177,17,37,44,22,4,53,12,34,14,4,11,9,41,15,0,0,0,0,0,7,0,0,0,0
13981497,Como,Away,71,0,0,6,3,3,14,584,19,7,1,2,0,3,1,4,2,0,0,22,2,3,525,25,57,104,10,6,47,7,35,7,9,11,6,38,26,0,0,0,1,0,3,0,0,0,0
13981492,Torino,Home,59,1,3,13,2,9,14,484,16,9,2,6,0,3,4,9,4,1,2,28,3,1,392,31,89,94,25,8,53,7,33,22,8,14,3,40,21,1,0,0,0,0,11,1,0,0,0
13981492,Genoa,Away,41,1,4,11,5,1,9,344,14,14,2,3,0,5,3,8,3,1,3,18,2,0,269,22,56,78,21,4,47,12,34,14,7,9,4,44,47,0,0,1,2,1,6,0,0,0,0
13981502,Fiorentina,Home,50,3,6,19,1,5,13,326,10,18,3,7,0,7,5,15,4,2,4,21,6,5,256,17,43,52,19,5,51,7,29,13,2,7,6,35,18,0,0,1,0,2,3,0,0,0,0
13981502,Bologna,Away,50,0,2,6,4,6,20,330,12,13,5,3,0,2,1,4,2,2,0,17,0,3,252,21,44,48,17,3,49,4,28,12,4,9,8,29,30,0,0,2,0,3,10,0,0,1,0
13981500,Lazio,Home,40,0,0,13,5,2,11,343,9,18,2,3,0,6,4,9,4,0,0,27,1,0,270,16,36,46,18,3,54,6,32,19,6,6,5,38,33,0,0,1,1,2,11,0,0,0,0
13981500,Juventus,Away,60,1,3,14,2,5,18,498,12,11,4,5,0,5,4,11,3,0,3,26,5,2,440,14,63,98,25,6,46,5,30,14,7,9,9,52,15,1,0,0,0,0,5,1,2,0,0
13981496,Sassuolo,Home,41,1,2,11,7,6,18,334,19,16,3,1,0,7,3,7,4,0,2,21,1,1,255,21,45,58,24,4,51,8,41,17,6,12,11,44,27,1,0,1,2,2,9,0,0,0,0
13981496,Roma,Away,59,1,5,15,1,6,16,483,14,18,2,8,1,6,1,11,4,1,4,19,4,1,398,19,59,90,31,1,49,7,35,20,4,9,2,47,23,0,0,1,1,0,10,0,1,0,0
13981498,Napoli,Home,43,1,1,7,2,1,15,419,12,9,2,3,0,1,3,4,3,1,0,15,1,1,336,15,56,88,23,1,50,2,24,14,3,8,12,42,23,1,0,1,1,0,13,0,0,0,0
13981498,Inter,Away,57,1,2,15,0,4,10,536,9,14,1,3,2,9,3,9,6,1,1,25,1,1,461,21,46,93,22,11,50,8,24,14,1,7,9,46,16,0,-1,0,0,0,3,0,0,0,0
13981499,Milan,Home,68,1,3,20,0,6,8,620,14,21,1,7,1,8,5,9,11,0,3,41,6,2,556,20,82,173,28,5,61,10,47,15,14,11,5,44,10,0,0,0,1,0,5,0,2,0,0
13981499,Pisa,Away,32,1,2,8,5,2,21,291,20,7,3,2,0,3,3,3,5,2,0,12,1,1,231,10,30,44,18,2,39,6,32,8,6,9,11,45,31,0,0,2,0,0,9,0,1,0,0
13981493,Udinese,Home,44,1,3,8,1,4,12,354,30,12,2,4,1,2,2,8,0,3,0,23,1,1,264,20,56,61,36,2,50,10,48,15,8,21,9,55,27,1,-1,1,2,0,9,0,0,0,0
13981493,Lecce,Away,56,0,0,13,1,9,12,441,26,12,2,3,0,7,3,2,11,0,0,16,1,0,351,23,62,80,30,6,50,14,43,20,6,19,9,49,14,1,-1,1,0,0,7,0,0,0,0
13981488,Cremonese,Home,35,1,3,9,5,2,6,277,21,8,3,5,0,4,0,4,5,1,2,10,1,3,189,10,52,48,20,3,56,6,30,23,2,12,4,53,35,0,0,3,1,1,12,0,0,0,0
13981488,Atalanta,Away,65,1,1,20,4,10,8,523,10,6,1,6,0,6,8,12,8,0,1,30,3,2,441,22,63,133,26,6,44,12,21,21,6,5,0,58,23,0,0,1,2,1,8,0,0,0,0
13981489,Hellas Verona,Home,37,2,4,10,1,3,16,355,20,12,3,6,1,1,3,7,3,1,3,15,4,1,249,17,75,76,12,4,56,4,37,20,7,11,11,50,18,0,0,1,1,0,7,0,0,0,0
13981489,Cagliari,Away,63,0,3,7,4,2,12,599,12,16,4,3,0,2,2,3,4,2,1,11,3,3,505,21,67,88,14,1,44,8,31,14,4,6,10,50,26,0,0,0,0,0,7,0,1,0,0
13981501,Atalanta,Home,56,1,2,17,0,9,9,509,10,8,1,3,0,8,6,11,6,0,2,20,4,0,464,15,65,130,27,7,47,5,26,7,8,7,9,53,14,1,0,0,0,2,4,0,0,0,0
13981501,Milan,Away,44,0,0,6,2,4,8,407,15,9,3,1,0,2,3,4,2,0,0,14,2,1,342,13,46,55,10,3,53,5,30,7,6,9,5,45,22,1,0,2,1,0,8,0,0,0,0
13981507,Como,Home,71,1,3,15,7,1,11,587,14,21,1,5,1,6,4,7,8,3,0,21,7,1,517,18,65,119,18,4,57,14,42,25,10,6,11,49,27,0,0,0,0,0,3,2,1,0,0
13981507,Hellas Verona,Away,29,1,3,13,2,3,21,241,21,11,4,9,0,2,2,11,2,1,2,24,0,1,150,25,52,39,23,4,43,6,34,16,3,11,9,38,22,0,-1,0,0,0,9,0,1,0,0
13981512,Roma,Home,60,1,1,18,4,9,8,519,11,9,0,6,0,8,4,11,7,0,1,27,1,3,439,23,63,111,12,7,47,7,32,15,14,5,11,47,15,0,0,1,1,0,3,0,1,0,0
13981512,Parma,Away,40,1,2,8,4,2,9,348,17,8,4,5,0,2,1,5,3,1,1,11,3,2,261,12,50,37,21,1,53,7,32,20,7,10,11,55,36,0,0,0,1,0,9,0,0,0,0
13981509,Lecce,Home,41,1,1,7,2,3,10,363,29,13,2,2,0,3,2,5,2,0,1,13,3,1,291,20,53,61,19,4,50,15,40,12,2,14,9,34,27,0,0,0,0,1,9,0,0,0,0
13981509,Napoli,Away,59,0,1,14,2,5,14,522,23,10,1,3,0,5,6,9,5,0,1,26,1,0,452,28,42,88,18,4,50,20,40,12,10,18,11,42,14,0,0,1,0,0,3,0,0,0,1
13981505,Genoa,Home,54,1,1,16,2,7,16,366,18,13,3,1,0,8,7,10,6,0,1,20,2,3,265,27,47,60,25,5,49,15,34,27,4,10,16,53,21,0,0,1,1,0,6,0,0,0,0
13981505,Cremonese,Away,46,1,2,11,1,3,13,318,22,16,1,4,0,7,0,7,4,1,1,12,1,0,206,27,53,42,22,2,51,9,40,24,4,12,10,44,34,0,0,1,1,1,12,0,0,0,0
13981504,Bologna,Home,71,0,0,11,2,3,11,641,18,20,2,2,0,7,2,4,7,0,0,23,3,0,570,32,85,130,50,5,50,11,44,12,7,5,1,35,16,1,0,0,0,0,6,0,1,0,0
13981504,Torino,Away,29,0,1,8,2,3,20,254,18,11,3,2,1,4,2,4,4,0,1,14,0,2,178,12,32,33,24,2,50,14,34,21,6,7,9,41,29,0,0,2,0,1,14,0,0,0,0
13981506,Inter,Home,64,2,6,22,2,8,11,564,20,15,1,8,0,6,8,19,3,2,4,41,3,0,488,16,76,146,42,12,58,7,39,17,5,14,2,47,15,0,0,0,0,0,4,0,0,0,0
13981506,Fiorentina,Away,36,0,2,10,5,5,16,323,14,11,2,2,0,3,5,6,4,0,2,18,1,1,258,14,34,42,19,4,42,8,29,11,6,7,19,46,25,0,0,0,1,0,8,0,0,1,0
13981503,Cagliari,Home,46,0,1,8,2,3,20,337,18,21,4,1,1,3,4,4,4,1,0,9,4,2,264,12,53,50,26,7,59,4,39,22,2,11,7,45,30,0,-1,2,2,0,5,0,0,0,0
13981503,Sassuolo,Away,54,0,1,12,0,7,21,404,6,20,4,4,1,5,3,6,6,1,0,23,4,3,345,17,49,87,11,4,41,7,30,13,6,6,5,49,20,0,0,0,2,0,6,0,0,0,0
13981511,Pisa,Home,39,0,2,10,6,3,16,367,17,12,2,2,0,5,3,7,3,0,2,14,1,1,291,22,46,44,22,6,58,4,31,18,2,7,9,46,14,0,0,2,0,1,8,0,0,0,0
13981511,Lazio,Away,61,0,1,11,2,1,12,579,9,16,2,6,1,5,0,5,6,0,1,12,2,0,509,22,52,77,25,1,42,9,28,7,4,2,6,46,14,0,0,1,1,0,9,0,0,0,0
13981508,Juventus,Home,57,3,3,25,1,8,12,443,14,11,1,11,1,7,7,17,8,3,0,49,3,2,376,19,44,84,36,8,50,10,29,16,4,7,4,44,23,2,0,1,0,0,5,1,1,0,0
13981508,Udinese,Away,43,0,1,8,9,4,13,345,14,12,4,2,0,3,3,7,1,0,1,12,1,0,277,14,37,36,27,2,50,11,31,14,6,8,5,40,31,1,0,4,0,1,10,0,0,0,0
13981514,Napoli,Home,45,0,2,13,2,4,15,392,24,16,3,8,0,4,1,6,7,0,2,19,2,0,320,21,49,62,15,4,50,12,51,13,11,11,6,43,15,1,0,0,0,0,6,0,0,0,1
13981514,Como,Away,55,1,1,13,8,2,16,484,25,14,2,2,0,5,6,4,9,0,1,18,4,0,414,7,36,82,17,3,50,13,44,20,5,14,9,50,18,1,1,1,0,1,7,0,1,0,0
13981516,Udinese,Home,40,0,1,11,0,5,14,341,20,11,1,5,0,4,2,3,8,1,0,10,4,0,286,17,47,79,23,2,53,4,38,11,7,11,13,45,28,1,0,0,0,2,8,0,0,0,0
13981516,Atalanta,Away,60,0,0,5,4,4,11,519,14,14,3,0,0,1,4,3,2,0,0,16,3,3,456,19,41,73,23,1,47,14,32,12,5,10,7,55,16,0,0,2,0,1,7,0,0,0,0
13981510,Cremonese,Home,51,0,1,9,3,2,10,470,18,14,1,2,0,2,5,5,4,1,0,16,2,0,399,19,43,59,27,3,56,10,33,17,2,10,9,42,28,2,0,0,0,0,8,2,0,0,0
13981510,Juventus,Away,49,2,4,15,1,3,14,458,14,10,0,5,1,7,3,9,6,2,2,30,2,2,381,21,49,90,33,1,44,11,30,10,7,10,5,48,19,0,0,0,1,0,9,1,1,0,0
13981513,Fiorentina,Home,63,1,2,15,3,4,14,459,11,21,4,4,0,7,4,11,4,0,2,30,6,3,383,15,72,86,28,8,51,11,38,23,7,9,7,50,21,0,0,0,0,1,9,1,0,0,0
13981513,Lecce,Away,37,1,2,11,4,4,21,276,21,14,1,4,0,5,2,5,6,1,1,10,3,0,188,22,62,51,24,3,49,5,36,23,3,11,2,43,43,0,1,0,1,2,9,0,0,0,0
13981520,Torino,Home,64,0,2,15,1,4,14,541,8,8,2,3,1,6,6,11,4,1,1,33,0,1,447,19,87,118,27,4,45,11,24,21,10,7,5,42,16,1,0,1,0,1,8,0,1,0,0
13981520,Pisa,Away,36,1,3,11,1,2,8,300,12,13,1,3,1,6,2,8,3,2,1,19,2,1,215,17,48,38,23,4,55,4,32,24,8,5,8,47,39,0,0,1,0,1,7,0,0,0,0
13981522,Parma,Home,35,0,1,7,3,1,16,235,14,15,4,1,1,3,3,5,2,1,0,12,1,1,148,13,60,34,34,0,51,5,30,22,2,9,5,28,28,0,-1,0,2,1,16,0,1,1,0
13981522,Bologna,Away,65,2,7,22,0,5,15,424,11,16,2,6,0,13,3,16,6,2,5,36,4,6,367,20,77,120,29,7,49,6,35,15,9,6,5,37,30,0,0,0,1,1,4,0,4,0,0
13981524,Sassuolo,Home,61,1,2,13,2,3,13,520,14,13,1,4,0,7,2,8,5,1,1,17,3,3,438,21,51,86,19,5,46,9,30,14,4,3,3,39,18,0,0,1,3,2,13,0,0,0,0
13981524,Genoa,Away,39,1,3,16,3,7,13,324,18,13,3,5,0,9,2,11,5,1,2,15,2,2,247,13,54,57,28,10,54,3,34,18,5,12,12,44,15,0,0,0,0,0,10,0,0,0,0
13981515,Lazio,Home,51,0,0,8,5,7,8,443,17,18,0,3,0,5,0,6,2,0,0,18,2,0,375,15,53,71,30,3,65,5,40,14,6,7,5,38,29,0,0,0,0,0,11,0,0,0,0
13981515,Cagliari,Away,49,1,2,17,1,5,18,428,8,8,2,5,0,7,5,9,8,0,2,20,3,0,359,27,45,50,12,4,35,12,18,11,2,6,8,37,24,0,0,1,1,0,7,1,0,0,0
13981517,Milan,Home,37,3,6,17,7,7,12,313,11,13,1,8,1,7,2,13,4,1,5,27,4,2,259,10,38,58,16,5,45,9,31,18,9,6,2,41,36,4,1,1,1,0,13,0,0,0,1
13981517,Roma,Away,63,1,1,20,6,8,13,523,22,11,5,6,0,10,4,14,6,0,1,33,5,1,470,13,55,151,17,11,55,7,35,24,4,12,10,40,22,3,0,2,1,0,8,0,0,0,0
13981518,Hellas Verona,Home,27,0,0,8,4,4,16,247,8,4,2,2,1,4,2,5,3,0,0,13,0,1,177,16,54,46,17,3,29,8,16,7,5,3,9,48,37,0,-1,1,1,1,8,0,0,0,0
13981518,Inter,Away,73,1,2,21,1,8,4,659,17,16,1,6,0,6,9,13,8,0,2,27,2,1,580,24,70,135,34,10,71,5,35,21,2,13,6,49,15,0,0,0,0,0,4,0,1,0,0
13981523,Roma,Home,58,1,2,13,4,3,13,488,13,13,2,4,1,2,7,11,2,2,0,22,3,2,413,20,79,121,43,1,42,10,26,10,2,5,5,51,11,1,1,1,3,0,4,0,0,0,0
13981523,Udinese,Away,42,1,1,10,2,4,14,361,17,13,1,4,1,1,5,7,3,0,1,15,1,0,282,20,30,37,30,2,58,8,36,13,6,11,7,46,25,0,0,0,0,1,5,0,0,0,0
13981531,Juventus,Home,72,1,2,22,3,6,9,768,16,4,0,6,0,6,10,16,6,0,2,42,1,1,686,22,100,182,35,8,52,5,28,18,9,12,6,56,18,0,0,1,0,0,3,0,0,0,0
13981531,Torino,Away,28,0,1,8,6,2,4,291,14,9,1,3,0,3,2,7,1,0,1,18,0,2,222,11,29,32,21,5,48,9,30,13,7,6,15,47,45,0,1,1,0,2,12,0,1,0,0
13981529,Como,Home,75,1,1,10,2,10,21,635,12,15,3,6,0,2,2,5,5,0,1,23,4,1,554,25,70,111,16,4,47,3,35,17,8,10,9,39,10,1,0,1,0,0,3,0,0,0,0
13981529,Cagliari,Away,25,0,1,4,6,0,15,219,14,21,1,2,0,2,0,4,0,0,1,5,1,2,141,20,32,11,12,1,53,7,44,15,12,9,14,36,22,0,1,2,1,0,9,0,0,0,0
13981528,Parma,Home,43,1,4,14,3,4,14,414,7,10,1,4,1,6,4,9,5,1,3,22,1,2,355,17,38,59,12,5,45,3,18,15,4,5,7,37,26,1,0,1,0,0,6,0,0,0,0
13981528,Milan,Away,57,1,4,9,3,3,10,554,9,13,1,5,0,4,0,6,3,1,3,32,3,3,487,15,75,123,20,2,55,2,26,15,5,6,6,42,22,0,0,0,2,0,3,0,2,0,0
13981525,Pisa,Home,38,0,4,13,3,4,11,299,19,17,4,6,0,7,0,11,2,1,3,28,5,2,226,16,38,49,35,10,64,12,46,23,12,12,8,61,28,0,0,2,2,0,10,0,0,0,0
13981525,Cremonese,Away,62,0,1,13,5,5,17,500,16,11,2,3,1,6,4,9,4,0,1,30,2,1,418,19,71,102,23,6,36,7,30,9,4,10,6,57,23,1,0,0,3,0,9,1,1,0,0
13981526,Lecce,Home,59,0,0,11,2,7,10,384,20,18,1,6,0,1,4,5,6,0,0,16,1,2,281,40,52,66,20,5,51,8,43,27,7,9,6,40,21,1,0,1,1,0,9,0,0,0,0
13981526,Hellas Verona,Away,41,0,1,5,6,2,18,270,18,10,4,2,0,2,1,4,1,0,1,20,0,2,174,18,59,48,20,5,49,9,35,31,9,10,10,51,50,0,0,3,2,0,8,0,0,0,0
13981530,Genoa,Home,41,1,3,10,1,3,20,281,9,14,2,6,0,3,1,9,1,1,2,18,5,0,214,24,44,53,19,8,40,6,23,21,3,6,8,31,28,0,0,1,1,1,5,1,0,0,0
13981530,Fiorentina,Away,59,1,3,7,4,7,15,418,17,19,3,3,0,2,2,5,2,2,1,12,1,0,343,14,46,45,26,2,60,5,42,25,6,10,5,25,28,0,0,1,0,0,5,0,1,0,1
13981521,Atalanta,Home,68,0,0,14,1,4,9,654,14,8,0,2,0,7,5,7,7,0,0,30,2,2,582,25,74,128,31,3,53,7,32,10,11,10,2,44,3,0,0,0,0,0,10,0,0,0,0
13981521,Sassuolo,Away,32,1,3,8,1,1,8,323,16,8,2,4,0,3,1,6,2,2,1,15,1,2,247,20,38,36,19,1,47,3,29,9,4,11,8,47,27,0,0,0,2,0,14,0,1,0,0
13981519,Bologna,Home,41,0,3,11,1,5,14,370,14,15,1,4,0,4,3,6,5,2,1,14,4,0,297,13,54,76,24,5,59,7,32,16,3,7,7,47,17,0,0,0,2,0,1,0,0,0,0
13981519,Napoli,Away,59,0,0,4,2,4,15,551,9,14,3,1,1,1,2,1,3,0,0,13,5,0,467,21,48,79,29,1,41,7,24,10,3,6,4,40,14,0,0,1,0,0,7,0,0,0,0
13981527,Inter,Home,54,1,3,8,5,3,26,559,14,11,3,3,0,4,1,7,1,1,2,23,2,2,489,19,47,109,33,3,49,1,30,9,5,6,4,45,11,0,0,0,0,0,3,0,0,0,0
13981527,Lazio,Away,46,0,2,8,1,1,11,494,5,26,1,5,1,3,0,3,5,0,2,5,3,0,425,5,45,93,35,1,51,7,29,11,2,1,9,39,20,1,0,0,0,0,9,1,1,0,0
13981538,Inter,Home,64,1,2,20,2,9,7,624,12,8,1,6,2,8,6,12,8,0,2,47,2,2,563,21,53,182,25,9,57,4,26,15,7,6,5,44,19,0,0,0,0,1,4,0,0,0,0
13981538,Milan,Away,36,1,1,7,6,1,9,361,13,7,2,3,0,4,0,4,3,1,0,16,0,3,301,11,34,56,19,0,43,7,21,10,3,7,7,40,44,1,2,0,2,0,10,0,0,0,1
13981541,Cremonese,Home,50,0,3,9,3,3,12,430,16,16,2,4,1,2,3,5,4,1,2,15,1,3,342,22,49,69,23,2,59,4,36,18,5,5,9,43,26,0,-1,1,2,0,8,1,2,0,0
13981541,Roma,Away,50,1,3,12,3,5,16,434,9,12,2,6,0,3,3,6,6,2,1,31,1,2,348,19,45,109,15,1,41,6,26,12,5,5,6,48,21,0,0,1,1,0,4,0,2,0,0
13981533,Napoli,Home,45,1,3,11,2,5,11,436,10,12,1,6,0,3,2,8,3,2,1,15,2,3,355,16,45,59,19,1,45,10,25,13,4,6,9,52,15,0,0,1,0,0,15,0,0,0,0
13981533,Atalanta,Away,55,0,1,14,3,3,12,533,20,11,2,3,0,9,2,6,8,1,0,19,3,1,452,18,47,115,33,5,55,8,35,11,6,12,6,53,17,0,-1,0,0,1,3,0,0,0,0
13981532,Hellas Verona,Home,59,0,1,10,5,4,24,467,24,6,4,2,0,3,5,5,5,1,0,20,1,5,377,22,64,99,12,3,43,8,38,17,8,16,10,52,23,1,-1,0,1,0,7,1,0,0,0
13981532,Parma,Away,41,1,4,15,1,4,6,332,21,24,3,7,1,3,5,7,8,2,2,17,4,1,243,14,49,46,27,4,57,16,53,19,11,11,8,54,30,0,0,0,1,1,6,1,1,0,0
13981536,Sassuolo,Home,63,1,4,22,1,5,10,510,17,10,2,7,0,10,5,14,8,1,3,34,2,1,443,19,71,157,24,9,58,7,34,18,7,9,3,51,19,0,0,1,0,0,4,0,0,0,0
13981536,Pisa,Away,37,1,1,10,5,2,10,307,11,9,1,3,0,5,2,10,0,1,0,25,4,2,234,10,32,29,32,6,42,6,22,15,2,4,7,48,32,1,0,0,0,0,17,0,0,0,0
13981537,Lazio,Home,67,1,2,19,2,8,8,711,8,13,1,9,2,6,4,11,8,1,1,34,1,0,642,23,65,112,29,2,52,10,28,13,7,5,15,60,15,0,0,0,0,0,2,0,1,0,0
13981537,Lecce,Away,33,0,1,5,7,2,13,342,15,8,1,1,0,1,3,2,3,0,1,5,1,2,265,21,35,44,25,3,48,5,28,10,5,5,7,43,27,3,1,1,1,1,11,0,0,0,0
13981535,Torino,Home,35,1,2,10,1,3,6,289,15,8,0,2,0,7,1,7,3,1,1,20,1,3,230,17,37,55,20,5,45,16,26,13,3,11,15,39,21,1,-2,0,1,0,8,3,2,0,0
13981535,Como,Away,65,2,7,15,1,4,9,555,22,6,1,7,0,5,3,13,2,3,4,35,0,0,486,22,54,94,33,3,55,4,37,10,9,11,9,41,22,0,0,0,2,0,11,0,1,0,0
13981539,Fiorentina,Home,41,0,0,11,3,7,11,342,6,18,3,2,1,6,3,6,5,0,0,17,4,0,291,12,45,56,31,3,49,7,28,11,4,3,11,39,23,1,0,0,0,0,6,0,0,0,0
13981539,Juventus,Away,59,1,2,17,1,3,18,507,17,11,3,4,0,4,9,10,7,0,2,30,2,0,446,12,49,124,35,3,51,3,32,8,5,10,6,42,27,0,0,1,1,0,5,0,0,0,0
13981542,Cagliari,Home,50,0,2,11,4,6,22,343,22,16,4,5,0,4,2,8,3,2,0,18,2,0,255,22,53,59,18,10,46,6,39,12,4,10,6,42,9,0,0,1,1,0,7,1,0,0,0
13981542,Genoa,Away,50,1,3,13,2,2,16,363,15,22,3,8,0,4,1,10,3,1,2,20,4,4,305,18,45,50,22,5,54,10,45,14,10,12,3,46,39,0,0,0,0,0,4,0,0,1,0
13981534,Udinese,Home,47,1,4,12,2,7,19,303,20,16,0,3,0,7,2,7,5,0,4,26,5,2,225,23,46,56,27,4,51,11,43,16,8,13,10,43,20,0,0,2,0,0,8,2,0,0,1
13981534,Bologna,Away,53,2,4,10,3,2,16,346,15,18,1,5,0,4,1,8,2,2,2,18,3,3,258,16,51,57,35,1,49,10,43,14,11,12,8,47,31,1,0,1,0,1,7,0,0,0,0
13981545,Milan,Home,46,1,1,16,4,1,10,493,17,12,3,4,0,5,7,11,5,1,0,23,3,1,437,22,49,88,21,5,53,6,30,10,1,9,10,45,23,1,1,1,1,0,4,0,0,0,0
13981545,Lazio,Away,54,0,3,9,3,4,12,569,12,10,4,4,1,4,1,5,4,0,3,16,3,2,498,14,49,96,25,4,47,5,27,8,5,9,10,51,10,0,0,1,0,0,7,0,0,0,0
13981549,Atalanta,Home,48,1,3,21,3,4,15,431,14,10,1,9,0,6,6,14,7,1,2,43,4,2,365,14,55,104,24,8,52,6,30,16,6,6,8,52,19,1,0,1,0,0,6,0,2,0,0
13981549,Fiorentina,Away,52,1,3,15,7,5,10,466,12,15,3,3,1,8,4,13,2,0,3,20,3,1,387,20,56,54,34,6,48,6,34,9,8,6,8,49,14,1,0,2,0,0,8,0,2,0,0
13981540,Roma,Home,56,0,1,8,5,4,14,546,14,13,4,2,0,5,1,5,3,0,1,13,0,0,449,24,59,100,29,2,45,12,29,16,2,10,6,58,15,0,0,1,0,0,2,0,1,0,0
13981540,Napoli,Away,44,1,3,7,2,2,13,434,21,14,3,5,0,2,0,3,4,1,2,12,0,4,343,20,53,56,20,3,55,8,42,12,8,12,9,55,29,0,0,0,0,0,8,0,2,0,0
13981550,Bologna,Home,65,2,3,29,2,13,13,468,15,11,0,7,1,14,8,20,9,1,2,57,5,4,386,22,69,119,37,10,59,5,34,27,8,8,9,53,21,0,0,0,1,0,2,2,1,0,0
13981550,Cremonese,Away,35,2,4,10,7,8,12,250,14,13,2,5,1,2,3,7,3,3,1,16,1,3,150,22,48,22,16,4,41,8,32,11,6,7,11,45,49,1,0,1,0,0,11,0,1,0,0
13981543,Pisa,Home,40,1,2,10,1,4,13,326,6,15,2,2,0,5,3,8,2,0,2,22,1,3,256,14,45,47,36,4,54,3,27,15,6,1,7,55,34,0,0,0,1,1,9,0,1,0,0
13981543,Inter,Away,60,2,3,14,2,6,15,506,10,13,1,3,1,6,5,10,4,1,2,33,4,2,433,20,59,148,25,5,46,4,25,11,3,5,8,47,27,0,0,0,0,0,8,0,0,0,0
13981546,Lecce,Home,48,1,1,10,5,6,16,342,17,22,2,2,0,3,5,6,4,1,0,15,3,1,251,13,61,57,28,4,59,12,46,27,9,9,2,40,39,3,0,0,0,1,10,0,0,0,1
13981546,Torino,Away,52,1,3,15,0,6,22,358,19,15,3,6,1,5,4,9,6,0,3,18,3,2,276,18,67,71,26,6,41,10,36,14,4,11,5,43,15,0,0,0,1,0,9,0,0,0,0
13981548,Como,Home,63,1,4,18,5,4,11,628,11,7,2,13,0,3,2,12,6,2,2,25,2,2,564,16,62,95,22,3,56,1,27,8,9,6,3,48,16,2,0,0,1,1,6,0,5,0,0
13981548,Sassuolo,Away,37,0,3,12,11,4,7,362,9,11,1,5,0,3,4,9,3,0,3,18,2,3,307,10,43,62,18,6,44,8,19,9,1,2,17,53,19,0,0,2,0,2,3,1,0,0,0
13981551,Juventus,Home,57,1,2,14,2,1,16,610,16,16,1,6,0,5,3,10,4,1,1,28,7,1,560,14,68,129,24,4,53,9,40,7,8,7,7,50,18,0,0,0,0,0,3,1,1,0,0
13981551,Cagliari,Away,43,0,1,5,4,6,16,454,19,16,5,3,0,1,1,3,2,1,0,11,0,0,390,10,26,37,16,3,47,9,35,6,2,12,9,43,19,1,0,2,0,0,9,0,0,0,0
13981547,Genoa,Home,60,1,3,15,4,2,9,455,19,19,1,4,1,7,4,11,4,2,1,20,4,4,366,16,68,82,27,9,54,10,42,36,5,13,4,47,37,0,0,0,0,0,6,1,1,0,0
13981547,Hellas Verona,Away,40,2,4,13,2,3,19,299,22,9,3,5,1,3,5,11,2,1,3,24,1,5,203,19,52,43,17,5,46,11,40,26,9,15,13,42,15,0,0,1,1,0,6,0,0,0,0
13981544,Parma,Home,51,0,1,17,3,5,6,341,21,19,1,2,0,6,9,8,9,0,1,19,4,2,249,19,65,52,26,4,57,9,42,18,5,9,6,51,26,0,0,1,1,1,5,1,0,1,0
13981544,Udinese,Away,49,1,3,14,2,9,19,348,16,5,2,5,0,6,3,10,4,2,1,20,1,1,266,22,47,41,22,5,43,6,26,20,6,8,6,54,45,0,0,0,2,0,6,0,1,0,0
13981559,Inter,Home,42,1,6,11,3,7,16,354,10,13,1,7,0,2,2,9,2,3,3,16,2,3,293,13,37,54,18,5,48,3,27,12,4,8,9,43,20,0,0,0,2,0,12,0,2,0,0
13981559,Como,Away,58,1,1,15,3,4,13,500,7,16,2,3,0,10,2,8,7,0,1,19,4,1,440,19,56,96,23,8,52,5,32,10,11,3,6,45,10,0,0,0,1,1,3,0,0,0,0
13981554,Torino,Home,36,1,1,8,3,2,16,308,24,6,2,4,0,2,2,3,5,1,0,14,1,1,242,9,52,56,36,1,48,5,31,15,2,14,3,48,20,0,0,0,1,0,8,0,0,0,0
13981554,Milan,Away,64,1,3,17,2,4,7,552,11,16,1,6,0,5,6,13,4,2,1,29,3,3,494,22,62,117,33,7,52,12,30,19,3,6,6,42,15,0,-1,0,0,2,3,0,1,0,0
13981553,Hellas Verona,Home,36,0,2,12,3,5,14,278,21,7,2,7,0,1,4,6,6,1,1,22,0,3,195,14,59,59,18,2,49,9,37,17,9,11,15,61,30,0,0,0,0,1,5,0,2,0,0
13981553,Atalanta,Away,64,1,2,12,4,5,7,488,15,13,1,5,0,2,5,9,3,1,1,30,4,1,396,29,42,63,28,4,51,9,36,21,10,9,10,52,16,0,0,0,1,0,5,0,0,0,0
13981555,Pisa,Home,60,1,2,14,1,6,15,418,13,7,2,2,0,9,3,10,4,0,2,32,2,0,337,25,76,88,32,18,51,3,23,24,3,9,4,37,23,0,0,0,1,0,8,0,0,1,0
13981555,Parma,Away,40,1,3,9,2,0,7,295,13,14,2,2,0,5,2,6,3,1,2,7,3,1,221,23,42,33,21,1,49,7,32,14,6,11,5,37,52,0,0,0,0,3,8,0,0,0,0
13981556,Lazio,Home,47,1,2,16,4,7,13,407,11,18,3,9,0,5,2,11,5,1,1,23,2,1,322,23,40,38,24,7,51,6,33,17,5,6,7,44,7,2,0,1,0,0,9,0,0,1,0
13981556,Bologna,Away,53,1,1,13,8,3,18,465,15,13,3,6,1,4,3,8,5,1,0,12,0,1,389,11,56,59,40,3,49,9,35,13,7,7,6,53,22,1,2,4,0,0,6,0,0,0,0
13981558,Sassuolo,Home,40,1,2,13,0,7,15,324,10,15,2,5,1,4,4,9,4,2,0,27,3,1,260,17,56,64,22,6,49,13,32,13,8,6,7,45,24,0,0,0,6,1,6,0,0,0,0
13981558,Fiorentina,Away,60,1,1,9,2,1,15,498,17,14,3,1,0,5,3,5,4,1,0,14,6,4,423,13,62,87,11,4,51,7,36,10,5,9,7,45,26,0,-2,1,0,0,6,2,0,0,0
13981552,Udinese,Home,58,1,1,23,4,6,16,420,20,12,1,6,0,9,8,16,7,1,0,38,3,3,337,21,56,91,18,10,58,8,36,32,4,14,14,54,20,0,0,1,0,1,3,0,0,0,0
13981552,Genoa,Away,42,1,3,12,5,2,12,312,17,15,0,6,0,5,1,7,5,2,1,16,2,3,241,19,49,44,15,2,42,11,35,14,2,8,6,43,34,0,0,0,3,0,13,0,0,0,0
13981563,Cremonese,Home,49,2,3,11,1,5,15,339,20,11,1,4,0,3,4,8,3,2,1,20,2,0,250,24,44,54,27,3,50,8,42,12,11,8,10,50,40,1,0,1,0,0,11,0,1,0,0
13981563,Lecce,Away,51,0,2,9,2,5,12,350,19,15,2,1,0,6,2,7,2,0,2,13,6,0,264,24,62,85,26,7,50,11,35,20,5,9,7,47,35,0,0,0,1,1,7,0,0,0,0
13981557,Napoli,Home,50,1,4,9,1,9,6,497,15,15,2,4,1,4,1,7,2,2,2,16,4,1,414,16,54,89,16,4,55,8,39,8,11,6,10,52,13,0,0,0,1,0,5,0,0,0,0
13981557,Juventus,Away,50,0,0,5,3,0,15,511,15,6,1,2,0,3,0,2,3,0,0,8,0,4,444,12,56,84,14,0,45,13,27,11,6,11,12,57,21,0,0,1,3,0,6,1,0,0,0
13981560,Cagliari,Home,47,1,4,15,2,4,18,361,23,16,2,8,0,4,3,10,5,1,3,21,4,4,283,18,42,63,32,3,58,7,48,12,10,14,9,48,22,0,0,0,1,0,6,0,1,0,0
13981560,Roma,Away,53,0,0,6,8,1,16,417,11,18,1,2,0,0,4,6,0,0,0,26,3,0,328,28,62,62,35,3,42,11,34,10,7,4,8,36,21,0,0,0,0,1,7,0,0,1,0
13981571,Fiorentina,Home,65,1,5,20,1,9,10,475,12,22,1,4,1,9,7,15,5,0,5,27,4,1,407,20,71,102,26,6,47,9,40,13,9,7,5,43,24,0,-1,1,0,1,7,0,1,0,0
13981571,Hellas Verona,Away,35,0,2,13,4,4,22,259,24,10,5,3,1,7,3,7,6,1,1,19,1,1,181,13,45,42,20,3,53,7,40,19,6,16,12,51,46,1,0,3,3,0,11,0,1,0,0
13981562,Milan,Home,59,1,4,13,1,7,12,537,17,12,1,5,0,5,3,9,4,2,2,36,3,2,476,23,60,97,17,6,58,5,34,17,5,10,4,44,23,1,0,0,2,0,4,0,0,0,0
13981562,Sassuolo,Away,41,1,2,8,2,3,12,377,16,12,3,3,1,2,3,5,3,2,0,17,0,1,318,14,34,66,16,4,42,10,32,5,5,13,14,46,30,1,-1,1,7,0,6,0,0,0,0
13981564,Genoa,Home,36,0,1,5,6,1,10,286,13,20,2,3,0,2,0,3,2,1,0,12,4,0,217,23,40,34,24,2,45,9,32,14,3,12,3,42,29,2,0,0,1,0,6,0,0,0,0
13981564,Inter,Away,64,1,4,18,2,6,20,532,18,10,3,8,0,2,8,9,9,0,4,25,2,1,452,23,52,141,20,4,55,8,35,21,7,15,8,44,19,0,0,0,1,0,5,0,1,0,0
13981570,Udinese,Home,38,1,3,18,0,1,16,322,18,9,1,5,1,6,7,7,11,0,3,20,3,1,245,10,35,83,19,1,51,7,30,18,5,6,11,43,32,1,0,0,1,1,12,0,0,0,0
13981570,Napoli,Away,62,0,1,7,4,3,9,518,11,16,0,0,1,6,1,5,2,0,1,19,2,1,426,17,65,89,20,2,49,13,31,15,4,6,7,47,12,0,0,1,1,0,8,0,0,0,0
13981577,Roma,Home,53,1,3,14,1,6,16,396,21,8,3,4,0,4,6,12,2,0,3,34,1,3,321,27,67,84,29,6,47,8,37,10,8,12,8,55,23,0,0,0,1,0,7,0,0,0,0
13981577,Como,Away,47,0,0,13,3,3,8,358,15,16,3,1,0,5,7,8,5,0,0,21,4,1,279,24,45,54,17,2,53,11,38,15,9,8,11,52,26,0,0,1,0,0,11,0,0,0,0
13981565,Bologna,Home,51,0,1,11,2,3,10,455,18,11,3,4,1,3,4,7,4,0,1,22,1,0,377,16,44,65,35,5,51,9,30,10,3,8,16,49,27,2,0,1,0,0,10,0,0,1,0
13981565,Juventus,Away,49,1,4,13,4,4,11,449,14,10,1,3,0,5,5,9,4,1,3,31,4,2,371,17,59,86,25,2,49,11,25,14,2,7,2,51,19,0,0,0,2,0,6,0,1,0,0
13981573,Torino,Home,46,1,2,18,3,6,20,398,21,13,1,6,0,4,8,15,3,1,1,34,1,1,314,23,65,76,47,5,43,12,39,18,5,11,5,55,36,0,0,1,2,1,5,0,0,0,0
13981573,Cremonese,Away,54,0,2,10,5,6,13,454,20,20,2,3,0,4,3,7,3,0,2,19,4,1,361,18,71,77,29,7,57,16,44,31,5,9,10,57,32,0,0,1,1,0,7,0,0,0,0
13981561,Lecce,Home,51,2,4,21,0,12,17,375,14,6,2,3,0,11,7,15,6,1,3,32,2,1,295,21,60,72,23,9,40,10,22,21,2,11,4,46,23,0,0,0,0,0,9,0,0,0,0
13981561,Pisa,Away,49,0,0,5,2,1,6,368,21,17,1,0,0,2,3,5,0,0,0,12,2,3,286,20,39,31,23,3,60,7,41,24,5,12,6,33,27,1,0,0,0,1,12,0,0,0,0
13981569,Atalanta,Home,59,2,4,17,0,5,13,547,14,15,1,8,0,5,4,12,5,1,3,29,1,0,468,19,70,123,16,1,44,10,32,12,7,7,8,41,24,0,0,0,0,0,6,0,1,0,0
13981569,Cagliari,Away,41,0,2,8,6,4,15,378,23,13,2,1,0,5,2,5,3,1,1,10,2,4,307,17,33,38,22,4,56,5,39,18,4,11,10,47,21,1,0,2,3,1,10,0,2,0,0
13981566,Parma,Home,47,1,0,19,3,4,14,367,6,8,2,5,0,9,5,13,6,0,0,26,0,2,316,16,47,66,20,9,44,7,19,18,7,1,8,38,21,1,0,2,0,0,6,1,0,0,0
13981566,Lazio,Away,53,1,4,15,6,4,8,435,12,14,1,5,0,6,4,9,6,1,3,17,3,0,368,11,63,69,21,7,56,1,33,15,9,6,5,38,39,1,0,2,3,1,12,0,0,2,0
13981568,Fiorentina,Home,63,3,6,20,3,1,10,590,11,8,3,7,3,10,3,11,9,2,4,29,5,0,532,17,49,132,19,3,48,5,28,11,10,3,3,36,23,0,0,0,1,0,7,0,4,0,0
13981568,Udinese,Away,37,0,1,11,1,4,8,334,10,10,1,4,1,5,2,8,3,0,1,17,1,2,271,13,42,60,22,4,52,7,31,12,11,8,10,35,16,0,-1,0,1,0,9,2,1,1,0
13981572,Lazio,Home,57,0,0,8,2,3,13,554,12,21,4,2,0,5,1,4,4,0,0,11,5,0,478,14,57,72,15,4,62,4,40,10,10,9,5,45,12,2,0,0,0,0,8,0,1,0,0
13981572,Cremonese,Away,43,0,1,9,2,0,21,412,8,13,3,2,0,4,3,1,8,0,1,4,2,2,334,21,41,21,20,2,38,8,22,9,4,5,3,52,18,0,0,0,2,1,4,0,0,1,0
13981580,Sassuolo,Home,53,0,1,7,4,2,15,462,6,17,3,1,0,5,1,5,2,0,1,18,0,3,376,22,61,69,27,2,39,13,24,16,3,4,9,51,21,1,0,1,2,1,7,0,0,0,0
13981580,Torino,Away,47,1,4,10,1,3,17,398,22,14,1,5,0,4,1,6,4,1,3,11,4,0,306,19,48,46,18,3,61,4,38,25,2,16,8,53,37,0,0,0,0,1,7,0,0,0,0
13981581,Cagliari,Home,59,1,1,14,1,2,15,401,15,20,3,5,0,4,5,5,9,1,0,17,3,2,315,23,50,47,32,1,53,9,41,15,7,6,5,36,38,0,0,0,3,1,13,0,0,0,0
13981581,Pisa,Away,41,2,3,15,3,6,20,264,14,14,2,3,0,7,5,14,1,1,2,31,4,0,194,15,55,53,26,4,47,5,28,21,0,9,11,49,25,0,0,1,3,0,5,0,0,0,0
14844287,Inter,Home,68,1,2,21,1,11,11,516,18,14,2,7,0,9,5,13,8,1,1,38,6,3,439,25,69,126,14,11,57,6,39,26,8,9,3,52,24,0,0,0,0,1,3,0,0,0,0
14844287,Lecce,Away,32,0,0,10,6,3,14,253,16,11,1,1,0,2,7,6,4,0,0,11,2,1,162,15,39,34,17,1,43,8,31,18,6,11,3,49,46,1,1,2,1,2,13,0,0,0,0
14844295,Napoli,Home,69,1,1,16,1,7,11,712,11,12,1,4,0,5,7,13,3,0,1,45,3,1,639,20,93,222,11,12,57,5,30,17,8,8,6,51,8,0,0,0,0,0,0,0,2,0,0
14844295,Parma,Away,31,0,0,4,4,1,12,326,10,11,3,1,0,0,3,1,3,0,0,4,0,0,246,9,32,34,17,0,43,7,24,11,3,6,7,41,44,0,1,1,2,1,13,0,1,0,0
14844293,Hellas Verona,Home,39,1,4,15,2,4,13,342,18,14,1,5,0,4,6,10,5,0,4,20,0,5,253,13,47,46,16,4,57,9,38,34,9,9,7,41,32,0,-1,0,0,0,10,0,0,0,0
14844293,Bologna,Away,61,0,0,14,3,5,14,532,10,13,2,5,0,7,2,6,8,0,0,23,5,2,436,25,57,68,40,5,43,12,27,27,5,5,5,42,16,0,-1,1,1,0,5,0,0,0,0
13981579,Genoa,Home,29,0,2,6,3,6,11,220,16,19,1,3,1,3,0,6,0,0,2,17,2,1,161,10,39,33,31,6,50,12,40,13,5,10,7,34,29,1,0,0,0,1,18,1,0,1,0
13981579,Atalanta,Away,71,1,2,16,3,10,19,542,21,11,2,4,0,9,3,12,4,1,1,30,3,0,486,17,65,207,24,9,50,6,39,13,8,11,10,40,18,0,0,1,1,0,3,0,0,0,0
14844296,Como,Home,68,1,2,18,1,8,7,659,12,5,1,8,1,7,3,10,8,1,1,30,2,0,617,17,51,148,16,7,48,14,29,8,12,5,7,41,18,0,-1,0,0,0,4,0,2,0,0
14844296,Milan,Away,32,1,2,7,8,4,5,320,20,6,0,4,0,3,0,4,3,1,1,10,1,3,254,11,34,36,13,2,52,7,32,8,5,8,7,42,34,0,1,4,1,0,13,0,1,0,0
13981575,Juventus,Home,41,2,6,13,4,2,14,398,25,13,2,9,1,3,1,9,4,2,4,28,2,2,321,29,51,94,12,1,54,7,44,17,7,16,5,50,20,1,0,0,0,0,6,1,2,0,0
13981575,Roma,Away,59,1,1,14,7,4,13,575,20,14,3,5,0,5,4,9,5,1,0,30,2,0,505,23,71,168,14,2,46,16,38,15,5,16,8,51,23,0,0,1,0,0,4,0,0,0,0
13981584,Torino,Home,56,1,5,19,2,6,14,467,10,13,3,10,0,4,5,11,8,1,4,35,3,1,380,24,65,95,27,9,55,2,29,15,7,6,10,43,10,0,0,0,0,0,3,0,0,0,0
13981584,Cagliari,Away,44,0,2,9,9,2,13,386,12,14,0,4,0,3,2,4,5,1,1,11,3,0,299,12,46,40,22,2,45,6,31,5,6,9,14,40,35,1,2,2,1,0,9,0,1,0,0
13981587,Parma,Home,42,0,2,13,4,5,10,326,16,15,2,2,0,8,3,9,4,1,1,24,1,0,261,18,51,76,34,5,51,9,35,15,7,8,7,50,31,0,1,3,1,0,13,0,0,0,0
13981587,Fiorentina,Away,58,1,1,23,1,6,15,452,17,10,2,4,0,12,7,14,9,0,1,35,4,3,392,21,76,113,25,9,49,5,36,13,10,15,9,56,19,1,0,0,1,0,10,0,0,0,0
13981589,Bologna,Home,58,0,2,16,4,2,18,455,16,19,2,6,0,8,2,8,8,1,1,23,2,2,384,18,78,103,28,7,50,6,43,9,8,11,10,54,14,2,1,2,0,0,4,0,1,0,0
13981589,Sassuolo,Away,42,1,4,8,4,3,19,336,14,18,3,5,1,3,0,7,1,1,3,13,0,3,254,19,40,29,24,2,50,9,37,16,6,12,9,53,34,1,0,0,2,0,11,0,2,0,0
13981582,Cremonese,Home,47,0,0,6,6,1,13,409,13,8,2,2,0,3,1,3,3,0,0,10,4,3,326,15,58,69,27,3,45,7,25,9,5,10,11,53,14,0,0,2,2,0,11,0,0,0,0
13981582,Napoli,Away,53,2,3,22,2,10,8,463,10,13,2,8,0,9,5,12,10,2,1,30,4,2,390,21,52,114,22,5,55,7,33,9,10,4,6,55,22,0,0,0,1,1,4,0,0,0,0
13981591,Atalanta,Home,45,0,3,7,3,4,8,426,12,12,2,0,0,4,3,3,4,0,3,14,1,3,358,13,49,84,44,4,48,6,29,8,8,7,11,45,26,1,0,1,0,0,12,1,0,0,0
13981591,Inter,Away,55,1,3,15,0,7,12,528,17,8,1,4,0,7,4,11,4,1,2,27,2,2,461,17,68,102,24,4,52,4,31,9,7,9,6,48,23,0,0,0,0,0,5,0,1,0,0
13981590,Lecce,Home,38,0,2,11,3,4,10,281,20,24,2,5,0,4,2,6,5,0,2,22,6,2,207,14,35,57,19,4,62,5,49,12,7,11,15,42,27,0,0,1,1,0,11,1,0,0,0
13981590,Como,Away,62,1,4,12,5,6,24,462,9,10,4,6,0,3,3,9,3,2,2,27,1,2,395,20,40,52,13,4,38,11,29,9,10,6,9,54,26,0,1,0,1,0,7,0,1,0,0
13981583,Udinese,Home,46,0,0,15,1,5,19,367,14,14,3,4,0,7,4,8,7,0,0,23,2,0,300,13,35,67,13,5,47,3,32,13,5,10,1,43,24,0,0,0,0,0,6,0,0,0,0
13981583,Lazio,Away,54,0,1,14,3,6,14,432,11,19,4,1,1,5,8,5,9,0,1,16,3,3,379,12,46,58,31,2,53,5,31,19,4,5,9,42,27,1,0,2,0,2,8,0,0,0,0
13981586,Roma,Home,61,1,3,16,1,6,13,563,21,13,0,8,1,3,5,14,2,2,1,40,0,1,476,20,49,131,21,2,49,16,36,18,3,17,14,52,21,1,0,0,0,0,4,0,0,0,0
13981586,Genoa,Away,39,0,1,10,5,1,13,371,22,13,1,2,0,5,3,8,2,0,1,15,2,3,282,27,50,53,15,3,51,11,42,14,8,19,14,46,19,0,0,2,0,0,10,2,1,0,0
13981585,Pisa,Home,41,0,1,8,5,2,10,337,12,12,4,0,2,6,2,6,2,0,1,18,2,1,257,23,45,68,27,4,47,12,27,20,3,9,13,47,35,1,0,1,2,2,11,0,0,0,0
13981585,Juventus,Away,59,1,1,15,0,8,12,502,17,10,1,7,1,4,4,8,7,1,0,45,2,1,418,25,52,140,24,2,53,5,31,22,5,12,5,47,27,0,0,0,0,0,7,0,0,0,0
13981588,Milan,Home,52,2,4,11,1,7,5,426,15,14,0,5,1,5,1,7,4,3,1,21,5,1,359,21,44,72,16,4,59,11,31,19,2,8,10,41,17,0,0,0,0,0,5,0,0,0,0
13981588,Hellas Verona,Away,48,0,0,9,2,3,15,393,18,5,1,1,0,4,4,3,6,0,0,13,1,1,329,19,52,71,22,5,41,9,25,10,2,12,9,40,26,0,0,2,0,2,7,0,0,0,0
13981598,Genoa,Home,62,0,0,12,1,2,9,439,15,17,1,4,0,5,3,8,4,0,0,17,2,4,356,24,47,86,24,7,54,13,37,37,6,10,6,46,42,0,0,0,0,1,9,1,0,0,0
13981598,Pisa,Away,38,0,3,10,3,7,17,259,22,9,3,2,1,4,4,6,4,1,2,21,1,1,177,16,59,62,32,5,46,7,34,29,3,16,12,42,37,0,1,2,2,0,10,0,0,0,0
13981595,Sassuolo,Home,53,0,1,11,4,4,12,503,13,7,2,3,1,5,3,6,5,0,1,26,0,2,446,21,81,173,17,5,40,9,25,9,5,5,6,48,35,0,0,0,1,2,4,1,1,0,0
13981595,Parma,Away,47,1,2,16,2,7,7,448,21,12,1,5,0,4,7,8,8,0,2,20,1,0,381,17,54,86,22,4,60,7,39,11,6,12,11,45,23,0,0,0,0,0,10,0,2,0,0
13981602,Cagliari,Home,46,0,0,6,3,6,10,447,22,8,2,1,0,4,1,4,2,0,0,14,0,0,389,14,47,54,21,2,46,3,38,6,8,17,5,44,20,0,0,2,0,0,7,0,0,0,0
13981602,Milan,Away,54,0,1,11,1,7,8,538,14,10,1,4,0,4,3,7,4,1,0,28,4,2,470,23,60,102,30,6,54,10,31,20,7,6,9,45,26,1,0,0,0,0,6,0,0,0,0
13981600,Como,Home,62,2,3,15,0,3,12,566,26,14,1,3,1,7,5,11,4,1,2,39,3,0,474,18,57,123,18,2,53,9,42,12,4,17,8,64,15,1,0,0,1,0,4,0,1,0,0
13981600,Udinese,Away,38,0,1,3,2,2,15,346,14,12,3,0,0,3,0,2,1,0,1,9,0,3,263,19,33,27,19,3,47,19,33,14,10,12,13,60,30,1,0,1,0,0,8,0,0,0,0
13981597,Inter,Home,58,2,9,19,1,7,20,460,17,21,3,10,1,5,4,15,4,2,7,30,4,3,392,19,48,68,20,5,51,12,40,16,4,10,6,55,9,1,0,0,0,0,5,0,1,0,0
13981597,Bologna,Away,42,0,2,6,7,1,21,340,21,20,3,2,0,3,1,4,2,1,1,10,2,0,266,18,33,31,29,3,49,8,41,12,2,9,9,49,34,1,0,1,1,0,7,0,0,0,0
13981599,Fiorentina,Home,65,2,2,22,2,7,10,518,9,19,1,8,1,4,10,13,9,1,1,44,8,0,442,28,53,144,19,2,57,2,33,8,5,3,8,43,18,0,0,1,0,0,7,0,1,0,0
13981599,Cremonese,Away,35,0,1,6,7,3,19,283,8,10,2,2,0,3,1,3,3,0,1,9,0,1,201,15,34,19,17,3,43,5,18,13,1,2,10,40,48,1,0,3,3,2,10,0,0,0,0
13981596,Juventus,Home,72,2,6,25,0,10,6,675,20,6,0,5,2,8,12,16,9,1,5,64,3,4,600,32,69,216,17,9,52,13,40,14,15,10,3,61,4,0,0,0,0,0,4,1,3,0,0
13981596,Lecce,Away,28,0,0,6,4,1,7,276,30,6,3,1,0,3,2,1,5,0,0,6,0,0,208,14,37,43,14,0,48,12,41,8,6,15,7,50,60,2,0,2,0,1,14,0,0,0,1
13981594,Atalanta,Home,45,1,3,13,3,7,16,384,28,15,1,2,0,3,8,8,5,1,2,24,1,2,296,22,72,95,25,1,56,13,54,15,13,16,8,51,29,1,0,0,0,1,3,0,1,0,0
13981594,Roma,Away,55,0,1,10,1,5,15,462,20,16,2,4,0,3,3,7,3,0,1,27,1,1,376,14,52,83,29,2,44,14,40,15,5,13,7,43,26,0,0,1,1,0,9,1,0,0,0
13981592,Lazio,Home,35,0,1,5,1,2,10,347,19,13,4,0,1,3,2,5,0,0,1,12,1,1,298,9,26,44,27,6,56,5,34,4,4,14,6,26,27,1,-1,0,0,1,11,0,0,2,0
13981592,Napoli,Away,65,1,4,14,0,6,13,650,8,10,1,3,1,8,3,11,3,2,2,29,3,0,601,17,36,85,16,9,44,6,25,5,8,5,1,43,6,1,0,0,0,1,2,0,0,1,0
13981593,Hellas Verona,Home,48,0,0,7,2,4,13,397,15,7,0,3,0,2,2,3,4,0,0,18,1,0,298,21,57,86,20,1,45,10,31,24,9,12,10,57,37,0,-1,1,2,1,6,1,0,0,0
13981593,Torino,Away,52,1,2,21,3,7,7,444,26,13,2,5,0,7,9,9,12,2,0,15,0,2,343,17,56,47,21,2,55,9,46,22,8,14,14,60,28,0,0,0,3,0,7,0,0,0,0
13981604,Lecce,Home,51,0,1,6,1,2,10,415,14,20,3,1,0,1,4,2,4,0,1,12,5,2,314,26,68,76,22,2,45,20,39,15,7,8,12,55,27,0,0,1,0,0,11,0,0,0,0
13981604,Roma,Away,49,1,3,10,1,2,20,408,29,10,1,3,0,5,2,6,4,1,2,19,2,2,307,28,61,102,26,0,55,3,47,18,8,18,14,62,28,0,0,0,0,1,10,0,0,0,0
13981601,Bologna,Home,53,1,1,11,3,6,16,415,11,15,0,2,1,5,4,9,2,0,1,22,1,1,318,18,47,61,21,5,41,9,26,17,4,6,4,52,35,0,0,1,0,0,4,0,0,0,0
13981601,Atalanta,Away,47,1,2,11,2,6,15,385,16,16,0,5,0,4,2,7,4,1,1,27,4,5,283,25,51,86,22,3,59,5,33,28,2,10,8,53,29,0,0,1,2,1,4,0,0,0,0
13981609,Pisa,Home,27,1,2,10,5,1,9,221,20,12,2,4,0,3,3,8,2,0,2,21,2,2,147,16,44,40,25,1,56,4,39,26,8,13,9,43,34,0,-1,2,0,0,14,0,1,0,0
13981609,Como,Away,73,1,3,15,4,5,13,595,17,8,2,7,0,7,1,10,5,2,1,32,3,0,526,15,74,135,14,5,44,9,34,18,9,8,6,55,27,1,0,0,2,1,6,0,0,0,1
13981607,Napoli,Home,70,1,3,15,2,6,7,679,8,15,0,4,0,6,5,11,4,2,1,26,4,2,597,23,74,121,6,6,56,10,24,28,3,4,6,48,17,0,0,0,0,0,7,0,2,0,0
13981607,Hellas Verona,Away,30,1,2,11,2,1,15,305,20,6,3,4,0,5,2,2,9,1,1,10,2,1,227,8,56,55,15,1,44,3,26,15,3,13,13,51,38,0,0,1,0,1,12,1,1,0,0
14844437,Milan,Home,61,2,1,32,1,12,12,558,14,8,4,8,2,9,15,25,7,0,1,56,4,1,499,18,71,199,20,14,53,7,26,24,5,8,5,38,8,0,0,0,1,0,5,0,0,0,0
14844437,Genoa,Away,39,1,2,7,7,1,8,371,12,11,1,2,0,3,2,5,2,1,1,13,1,1,299,17,35,38,22,4,47,5,27,18,6,6,7,36,51,1,1,0,0,1,11,0,0,0,0
14844436,Cremonese,Home,44,1,4,12,3,2,16,405,11,12,2,5,0,5,2,8,4,2,2,14,3,0,326,15,41,55,17,3,44,5,26,14,4,6,4,37,35,0,0,1,0,0,14,0,0,0,0
14844436,Cagliari,Away,56,1,2,21,3,4,12,517,11,16,2,5,0,9,7,13,8,0,2,37,0,1,453,20,56,102,26,9,56,7,31,20,6,5,3,39,28,1,0,0,0,0,7,2,1,0,0
13981610,Parma,Home,37,0,0,4,6,1,4,386,12,20,1,0,1,3,1,3,1,0,0,7,1,1,298,13,43,58,16,3,49,11,32,6,2,7,13,41,22,0,0,2,1,0,14,0,0,0,0
13981610,Inter,Away,63,2,4,26,0,3,20,662,18,4,3,8,2,11,7,16,10,2,2,44,1,1,591,16,85,206,16,9,51,5,23,17,3,11,9,54,18,0,0,0,0,0,5,0,0,0,0
13981611,Torino,Home,54,1,4,10,2,3,16,444,19,8,2,4,0,5,1,7,3,1,3,20,1,1,354,13,65,92,44,6,53,3,33,24,7,10,8,50,22,0,0,1,1,0,5,0,0,0,0
13981611,Udinese,Away,46,2,3,9,3,6,8,391,10,16,1,4,0,3,2,9,0,2,1,31,0,0,298,24,46,71,18,3,47,10,31,19,10,7,8,43,37,0,0,1,1,0,8,0,0,0,0
13981605,Lazio,Home,49,2,4,17,3,8,11,438,12,14,3,9,0,2,6,12,5,2,2,37,5,0,374,15,55,90,18,5,49,6,32,4,5,9,7,50,13,1,0,0,0,0,3,0,4,0,0
13981605,Fiorentina,Away,51,1,3,8,6,2,15,475,16,10,5,5,0,1,2,6,2,2,1,17,2,1,423,11,47,68,26,2,51,7,29,9,2,12,4,43,33,0,0,0,1,0,5,0,1,0,0
13981608,Sassuolo,Home,44,0,0,6,8,5,3,482,9,12,0,2,0,4,0,2,4,0,0,13,2,1,397,13,42,67,22,2,55,9,27,11,6,5,12,44,20,3,0,1,5,0,7,1,0,0,0
13981608,Juventus,Away,56,2,4,17,2,5,12,621,15,3,0,10,0,6,1,13,4,2,2,32,0,0,554,17,74,222,18,2,45,6,22,9,4,10,11,53,9,2,0,2,0,0,7,0,0,0,0
13981618,Inter,Home,50,1,2,13,1,4,12,486,21,10,0,4,1,4,5,10,3,1,1,27,3,2,420,18,66,141,31,1,54,11,34,10,4,13,10,51,15,2,0,0,0,0,4,0,2,0,0
13981618,Napoli,Away,50,0,3,7,2,1,11,487,13,12,2,3,1,3,1,5,2,2,1,20,2,1,406,18,34,48,18,3,46,15,24,13,3,6,6,52,20,0,0,0,3,0,8,1,0,0,0
13981615,Hellas Verona,Home,36,0,1,10,2,2,12,391,15,7,2,2,0,6,2,6,4,0,1,19,1,1,298,18,57,64,16,2,42,6,28,14,7,9,15,53,16,1,0,2,1,0,7,0,1,0,0
13981615,Lazio,Away,64,0,2,11,2,1,7,701,13,12,1,2,0,7,2,6,5,0,2,23,3,0,605,21,68,82,32,3,58,6,32,27,7,10,7,50,23,0,0,1,0,0,8,0,0,0,0
13981621,Lecce,Home,41,0,1,10,1,3,16,284,20,17,3,1,1,6,3,6,4,1,0,17,5,0,213,23,46,62,20,5,49,5,44,16,9,10,4,52,35,2,-1,0,2,1,4,0,0,2,0
13981621,Parma,Away,59,1,3,12,0,3,17,412,19,16,1,2,2,6,4,6,6,1,2,14,3,2,347,29,51,65,20,2,51,8,44,19,9,14,7,52,20,0,0,0,2,1,7,0,0,0,0
13981616,Como,Home,59,0,1,12,1,4,14,437,18,3,3,3,1,9,0,10,2,0,1,25,0,2,365,30,66,79,27,5,51,8,29,14,8,10,3,48,17,0,0,0,0,0,3,2,0,0,0
13981616,Bologna,Away,41,1,3,7,2,2,3,302,15,14,3,2,0,2,3,7,0,0,3,19,1,4,223,20,37,25,35,5,49,11,32,10,4,9,9,43,24,1,0,0,2,0,15,0,0,1,0
13981614,Fiorentina,Home,52,1,5,20,2,8,10,429,10,14,2,7,1,6,7,16,4,1,4,32,2,1,384,10,31,103,22,6,53,6,33,10,10,7,6,46,15,0,0,0,1,0,10,0,1,0,0
13981614,Milan,Away,48,1,3,13,6,5,14,401,13,10,3,3,0,7,3,9,4,1,2,23,2,0,345,11,43,85,20,9,47,3,30,8,8,8,3,47,20,2,1,0,2,1,8,0,1,0,0
13981617,Genoa,Home,44,1,3,11,3,2,17,400,17,20,2,7,0,2,2,5,6,2,1,15,4,1,330,9,36,46,18,2,57,10,44,10,7,12,9,51,25,0,0,2,0,0,6,0,1,0,0
13981617,Cagliari,Away,56,1,1,15,4,3,20,504,14,17,5,3,0,6,6,7,8,0,1,22,6,1,439,25,48,97,23,6,43,11,33,8,5,10,9,45,25,0,-1,0,0,0,3,0,1,0,0
13981619,Roma,Home,64,2,5,26,3,5,15,588,23,16,2,6,0,13,7,16,10,2,3,47,1,2,518,19,70,174,24,5,55,9,48,19,11,15,7,59,12,0,0,0,0,0,3,0,0,0,0
13981619,Sassuolo,Away,36,0,2,5,4,2,16,329,20,15,2,3,0,1,1,4,1,0,2,11,1,1,248,13,36,37,31,0,45,12,40,14,6,14,11,53,28,1,0,1,1,0,13,0,1,0,0
13981624,Udinese,Home,54,2,3,11,5,3,13,370,5,15,1,2,1,7,2,6,5,2,1,21,3,5,288,13,41,77,24,4,49,4,29,18,10,4,8,37,32,1,0,2,2,0,5,0,1,0,0
13981624,Pisa,Away,46,1,2,14,0,8,16,305,11,13,4,7,1,5,2,12,2,1,1,23,1,3,217,17,57,58,25,7,51,4,25,24,3,5,8,35,33,0,0,0,0,1,4,0,0,0,0
13981613,Atalanta,Home,56,2,4,18,3,5,14,492,22,17,1,5,1,4,9,11,7,1,3,27,3,4,418,21,57,129,24,6,50,13,46,15,8,11,7,38,23,0,0,0,0,0,6,0,2,0,0
13981613,Torino,Away,44,0,2,10,4,4,17,382,23,14,2,3,0,5,2,7,3,0,2,24,0,3,301,16,49,63,24,5,50,12,44,18,10,12,11,42,30,0,0,1,2,1,6,1,1,0,0
13981623,Juventus,Home,58,3,6,18,2,4,16,584,11,7,0,11,2,3,4,13,5,2,4,33,3,3,528,18,67,138,17,3,50,4,24,7,7,8,8,55,13,1,0,1,0,0,3,0,4,0,0
13981623,Cremonese,Away,42,0,1,9,6,5,8,407,13,16,1,2,0,3,4,6,3,0,1,19,1,0,341,16,36,60,12,5,50,5,29,2,4,9,11,34,25,1,0,3,0,0,5,0,0,0,1
13981634,Torino,Home,37,0,0,8,3,2,13,307,21,9,2,4,0,4,0,4,4,0,0,25,3,1,207,25,60,54,24,3,49,4,32,22,3,14,12,41,23,0,0,2,3,0,14,0,1,0,0
13981634,Roma,Away,63,1,3,14,4,1,9,532,12,13,1,5,0,5,4,10,4,2,1,23,1,3,433,22,75,137,22,0,51,11,32,24,7,11,10,55,32,0,0,0,0,0,7,0,1,0,0
13981629,Pisa,Home,43,1,3,14,3,10,12,327,17,11,1,6,1,5,3,13,1,0,3,43,1,0,244,25,67,112,24,7,50,6,32,23,4,10,6,37,20,0,0,1,0,0,7,1,0,0,0
13981629,Atalanta,Away,57,1,2,9,5,1,11,451,13,12,2,4,0,3,2,8,1,1,1,22,3,1,373,22,44,96,25,5,50,12,35,20,10,9,3,39,37,0,1,2,0,1,8,0,1,0,0
13981625,Cagliari,Home,22,0,0,3,5,1,16,195,21,12,0,1,0,2,0,3,0,0,0,4,1,0,130,15,25,13,15,2,49,9,34,11,3,12,7,35,45,0,0,2,0,2,20,0,0,0,0
13981625,Juventus,Away,78,1,0,21,1,18,12,680,11,16,1,5,1,8,8,11,10,0,0,40,4,1,615,22,98,238,25,5,51,8,35,11,11,8,7,53,7,0,0,1,0,0,1,0,0,0,0
13981630,Udinese,Home,38,0,0,5,4,2,17,371,12,11,0,1,0,2,2,2,3,0,0,12,1,1,302,13,43,41,18,1,52,11,29,14,7,7,11,47,22,2,1,1,0,0,7,0,0,0,0
13981630,Inter,Away,62,1,3,14,1,5,11,616,17,17,1,5,0,5,4,11,3,1,2,26,1,2,537,16,68,97,15,2,48,8,34,5,5,11,7,47,14,0,0,0,1,0,4,0,1,0,0
13981627,Parma,Home,51,0,0,14,3,7,13,387,15,18,3,2,0,6,6,7,7,0,0,18,2,1,327,33,48,75,26,5,51,14,37,26,7,6,9,29,18,1,0,3,2,0,9,0,0,0,0
13981627,Genoa,Away,49,1,1,11,2,3,18,375,20,13,2,3,0,5,3,8,3,0,1,23,2,1,302,14,32,52,12,6,49,12,37,23,6,13,5,38,32,0,0,1,1,0,10,0,1,0,0
13981626,Lazio,Home,34,0,1,8,3,3,14,384,14,9,5,4,0,3,1,2,6,0,1,11,1,1,332,14,40,51,17,1,39,4,26,4,3,7,10,39,6,1,0,1,0,0,3,0,0,0,1
13981626,Como,Away,66,2,3,11,4,2,9,754,18,13,3,6,0,3,2,9,2,1,2,27,3,0,699,12,31,60,19,5,61,5,40,7,9,10,5,42,22,0,0,0,0,0,3,0,1,0,0
13981628,Milan,Home,69,3,6,20,0,10,9,691,17,11,1,6,0,8,6,16,4,1,5,42,1,6,633,15,68,150,36,12,56,4,32,19,6,9,6,53,13,0,0,0,0,0,4,0,1,0,0
13981628,Lecce,Away,31,0,0,3,5,2,11,311,20,9,1,0,0,3,0,2,1,0,0,8,1,0,235,10,41,37,20,4,44,8,32,8,4,15,3,44,29,1,2,2,0,1,8,0,0,0,0
13981633,Napoli,Home,53,0,0,11,4,5,10,498,11,11,0,4,0,6,1,5,6,0,0,14,1,0,416,14,46,47,13,4,45,5,26,8,6,8,5,45,23,1,1,1,2,1,8,0,0,0,0
13981633,Sassuolo,Away,47,0,1,21,3,4,11,439,10,10,2,4,0,7,10,9,12,0,1,25,2,2,369,19,45,71,21,5,55,3,27,14,8,8,9,45,16,1,0,0,2,0,6,0,1,0,0
13981620,Bologna,Home,61,1,1,18,2,7,14,512,15,13,3,3,1,8,7,13,5,1,0,39,1,0,452,13,55,120,23,16,54,6,32,16,4,12,1,50,10,0,0,0,1,0,6,1,0,0,0
13981620,Fiorentina,Away,39,1,2,11,2,1,13,346,10,14,0,4,0,4,3,9,2,2,0,20,2,3,285,14,29,44,18,2,46,7,33,8,9,5,7,55,31,0,0,0,1,0,7,1,0,0,0
13981622,Cremonese,Home,56,0,0,7,4,3,13,431,5,13,3,1,0,3,3,3,4,0,0,11,2,3,339,23,38,32,20,2,48,7,20,22,4,4,10,39,20,0,0,1,0,0,9,0,0,0,0
13981622,Hellas Verona,Away,44,0,0,11,1,6,13,331,10,13,0,4,0,4,3,7,4,0,0,15,2,4,251,15,65,68,21,5,52,3,24,22,3,8,14,43,38,0,0,0,2,1,7,0,1,0,0
13981637,Inter,Home,66,5,10,34,1,7,8,534,16,10,2,14,2,13,7,31,3,4,6,78,2,0,469,23,59,174,27,18,55,13,35,20,11,11,3,50,22,0,-1,0,0,1,3,1,0,0,0
13981637,Pisa,Away,34,0,1,8,5,5,11,274,23,8,3,3,0,2,3,5,3,0,1,10,1,2,215,12,27,27,18,4,45,8,34,11,3,11,19,44,39,0,0,1,0,1,8,0,0,0,0
13981640,Hellas Verona,Home,53,0,0,7,4,3,8,434,25,11,2,4,0,1,2,5,2,0,0,10,1,1,340,18,57,87,15,2,50,14,40,20,7,12,9,43,23,0,-1,1,1,1,9,1,1,0,0
13981640,Udinese,Away,47,1,2,20,3,8,11,383,17,8,0,7,0,6,7,11,9,1,1,34,3,2,322,21,46,79,14,3,50,15,37,24,13,13,10,47,27,0,0,1,0,0,4,0,0,0,0
13981642,Sassuolo,Home,45,1,2,13,4,3,13,377,12,14,1,7,1,5,1,7,6,1,1,17,2,4,311,21,48,86,20,3,49,11,31,11,5,7,10,50,30,0,0,0,3,0,8,0,0,0,0
13981642,Cremonese,Away,55,0,1,10,6,5,14,444,20,13,2,4,0,2,4,4,6,0,1,15,5,3,358,21,73,99,21,1,51,7,36,8,3,12,6,52,12,0,0,1,0,0,6,1,1,0,0
13981639,Lecce,Home,39,0,0,15,1,4,16,343,24,6,2,2,1,6,7,7,8,0,0,18,2,0,271,25,55,70,18,5,53,4,37,19,9,20,9,55,22,0,0,0,0,0,7,0,0,0,0
13981639,Lazio,Away,61,0,1,6,2,1,6,559,12,16,1,1,0,2,3,5,1,0,1,16,2,0,474,25,56,63,12,0,47,11,34,16,7,9,4,50,17,0,0,2,1,0,11,0,1,0,0
13981632,Fiorentina,Home,70,2,3,15,4,8,11,613,10,17,2,3,1,6,6,9,6,1,2,35,6,1,547,22,73,166,19,7,54,3,37,7,10,4,7,46,7,1,0,1,0,0,4,0,0,0,0
13981632,Cagliari,Away,30,1,1,10,2,3,17,272,14,11,3,6,0,1,3,7,3,1,1,10,2,1,204,11,29,35,22,3,46,5,30,8,5,11,17,41,41,0,0,0,3,1,13,0,0,0,0
13981636,Genoa,Home,49,0,2,8,2,5,14,330,9,17,2,6,0,1,1,4,4,1,1,18,3,1,252,25,53,58,23,4,54,2,31,19,7,7,4,44,21,0,-1,0,1,0,6,0,0,0,0
13981636,Bologna,Away,51,0,0,13,3,2,17,358,12,14,2,3,0,4,6,7,6,0,0,22,3,2,279,14,52,78,23,8,46,6,27,15,3,6,5,51,34,0,0,0,1,4,6,0,0,1,0
13981641,Roma,Home,58,2,4,15,1,5,15,586,12,10,0,7,0,3,5,11,4,1,3,47,5,1,511,23,87,196,25,5,46,14,31,12,9,6,10,42,12,0,0,1,1,0,3,0,1,0,0
13981641,Milan,Away,42,0,1,5,6,3,11,434,21,15,4,2,0,2,1,4,1,1,0,12,1,1,359,15,35,53,19,2,54,9,44,6,8,9,9,41,26,2,1,0,0,1,7,0,0,0,0
13981638,Juventus,Home,42,1,3,12,1,2,21,446,26,11,1,6,1,3,3,7,5,2,1,20,3,1,374,15,46,106,22,1,53,6,40,7,3,17,9,48,15,1,0,0,0,0,5,0,2,0,0
13981638,Napoli,Away,58,0,1,9,2,2,11,612,11,21,2,1,0,4,4,2,7,0,1,15,2,1,544,24,40,87,9,0,47,13,31,11,1,7,9,44,18,2,-1,0,2,0,5,1,0,0,0
13981635,Atalanta,Home,48,4,7,21,2,6,14,429,10,7,1,9,0,3,9,16,5,3,4,45,1,2,365,11,42,94,27,4,44,7,26,11,10,4,14,58,30,1,1,1,1,1,10,0,0,0,0
13981635,Parma,Away,52,1,3,15,4,9,8,457,14,14,0,2,0,8,5,10,5,0,3,23,3,0,375,18,64,70,19,7,56,5,34,13,7,9,6,53,24,0,0,0,0,0,7,0,0,0,0
13981631,Como,Home,59,2,4,17,1,2,9,554,6,14,0,7,0,6,4,11,6,3,1,24,4,1,472,10,53,93,14,2,57,6,27,12,8,4,8,45,16,1,0,0,1,0,5,0,2,0,0
13981631,Torino,Away,41,0,0,7,1,1,15,372,8,9,1,1,0,5,1,5,2,0,0,16,3,7,295,11,48,55,20,4,43,3,20,10,4,1,1,46,10,0,-1,0,1,0,9,0,0,0,0
13981651,Udinese,Home,36,0,1,7,3,4,18,294,24,17,5,4,0,3,1,1,6,0,1,6,3,0,224,18,37,36,16,1,49,11,45,15,6,11,12,38,34,0,1,3,1,1,7,0,0,0,0
13981651,Roma,Away,64,0,0,10,3,7,17,507,18,18,4,3,0,2,5,7,3,0,0,26,3,2,439,18,59,79,32,5,51,9,39,23,6,12,16,44,19,0,0,1,0,0,3,0,0,0,0
13981648,Parma,Home,39,0,1,10,3,5,10,361,9,13,1,4,0,3,3,4,6,0,1,17,3,1,303,15,38,69,14,2,47,8,27,10,6,7,14,43,22,1,0,1,0,0,3,1,1,0,0
13981648,Juventus,Away,61,4,7,15,4,3,13,567,17,10,3,8,2,4,3,13,2,3,4,41,0,2,489,10,63,140,25,5,53,3,32,9,7,8,8,45,16,1,0,3,1,0,7,0,2,0,0
13981645,Como,Home,79,5,12,28,2,7,9,765,8,10,4,9,0,12,7,19,9,0,12,50,2,1,698,22,105,238,22,11,48,8,22,22,4,5,6,46,17,0,0,1,0,1,4,0,1,0,0
13981645,Atalanta,Away,21,0,1,6,9,1,11,194,23,9,3,2,0,2,2,3,3,0,1,9,1,2,121,16,46,32,14,2,52,2,41,7,11,17,9,47,37,0,2,2,1,0,15,0,1,1,1
13981653,Torino,Home,42,1,4,17,2,3,14,323,30,12,2,5,0,7,5,12,5,1,3,21,1,4,240,14,43,49,26,4,60,7,51,22,9,15,8,48,43,0,0,1,2,1,9,0,1,0,0
13981653,Lecce,Away,58,0,0,14,3,8,12,435,13,14,2,2,0,5,7,5,9,0,0,13,3,1,343,33,60,99,27,5,40,17,29,19,3,5,2,45,15,0,0,1,0,0,11,0,0,0,0
15370282,Bologna,Home,54,0,0,13,4,5,14,491,18,10,3,2,0,9,2,7,6,0,0,29,2,0,430,20,78,134,50,10,52,7,33,14,7,7,7,44,11,0,0,0,0,0,3,2,0,0,0
15370282,Milan,Away,46,2,9,10,2,0,10,429,14,13,0,7,0,2,1,10,0,3,6,20,2,1,361,18,28,49,24,4,48,9,34,9,6,6,7,41,28,0,0,1,1,0,14,0,1,0,0
13981649,Cremonese,Home,31,0,0,9,2,1,19,283,15,14,3,3,1,3,3,7,2,0,0,13,2,1,202,13,43,39,29,4,50,3,30,14,2,6,4,36,32,1,0,0,1,0,10,0,1,0,0
13981649,Inter,Away,69,1,4,15,3,6,14,638,8,19,0,4,0,5,6,11,4,1,3,27,5,1,561,21,66,181,24,8,50,8,33,11,6,5,4,38,26,1,0,0,0,0,6,0,0,0,0
13981652,Pisa,Home,54,1,3,15,4,2,13,443,18,8,3,6,0,7,2,9,6,0,3,22,1,4,354,17,63,87,31,4,51,10,27,26,3,7,9,56,31,3,0,2,0,0,8,0,0,0,0
13981652,Sassuolo,Away,46,2,3,21,4,5,8,371,16,13,3,5,0,10,6,18,3,1,2,44,3,1,293,13,48,88,29,7,49,7,33,17,7,11,8,59,33,4,0,0,1,0,7,0,0,0,0
13981644,Cagliari,Home,62,1,4,13,2,6,9,622,13,14,0,7,0,2,4,6,7,3,1,16,1,3,536,16,43,52,26,4,55,7,33,13,7,7,5,48,29,0,0,1,0,0,7,0,0,0,0
13981644,Hellas Verona,Away,38,0,0,9,3,3,14,381,16,9,2,3,0,3,3,6,3,0,0,15,2,0,298,20,57,44,17,1,45,9,25,13,2,7,9,49,17,0,-1,2,0,0,3,0,0,1,0
13981647,Napoli,Home,53,1,2,19,4,4,21,482,8,13,1,6,0,6,7,13,6,1,1,33,1,0,423,14,41,99,28,2,54,3,26,17,7,4,3,36,21,0,0,2,0,0,6,0,0,0,0
13981647,Fiorentina,Away,47,1,4,15,4,4,13,419,8,21,1,5,1,8,2,12,3,1,3,18,5,2,358,9,38,48,25,8,46,2,33,4,4,6,5,41,25,0,0,0,0,1,7,0,2,0,0
13981646,Lazio,Home,55,2,3,14,2,5,12,521,9,10,2,4,0,5,5,7,7,2,1,22,3,2,454,24,58,125,18,3,46,9,21,12,4,8,6,30,18,0,0,0,0,0,8,0,0,0,0
13981646,Genoa,Away,45,1,2,16,2,3,12,412,13,11,3,4,1,3,9,9,7,1,1,15,3,1,359,14,31,35,20,5,54,7,29,9,7,10,6,33,20,0,0,1,1,0,6,0,1,0,0
13981654,Bologna,Home,52,1,3,16,0,4,10,392,11,14,1,2,1,9,5,10,6,0,3,24,5,3,321,13,72,137,32,10,61,4,37,10,13,8,5,39,19,0,0,0,0,1,3,0,0,1,0
13981654,Parma,Away,48,0,0,5,3,5,14,376,9,10,3,1,0,1,3,0,5,0,0,8,3,4,315,17,46,63,26,3,39,7,21,9,3,6,7,42,22,1,0,1,2,0,11,0,0,1,0
15462526,Milan,Home,54,0,2,6,3,4,11,509,27,12,2,4,0,2,0,5,1,1,1,11,2,5,461,21,55,81,21,4,52,6,43,2,4,12,8,43,8,0,0,1,1,0,5,1,0,0,0
15462526,Como,Away,46,1,3,10,3,4,12,443,15,11,3,4,0,3,3,7,3,1,2,19,2,1,401,14,32,80,13,5,48,22,33,8,7,11,7,49,14,0,0,1,1,0,2,0,0,0,0
13981658,Fiorentina,Home,55,1,1,21,2,9,6,502,6,23,2,5,0,10,6,14,7,0,1,24,3,3,437,13,56,98,24,7,58,8,40,14,11,4,4,41,25,1,0,0,0,0,3,0,1,0,0
13981658,Torino,Away,45,0,1,12,3,4,23,418,13,6,5,4,0,2,6,10,2,1,0,23,1,1,352,12,49,69,32,6,42,4,22,17,3,7,5,30,34,0,0,1,1,1,9,1,0,0,0
13981666,Genoa,Home,40,1,2,12,2,4,16,313,25,11,2,3,0,8,1,6,6,2,0,18,3,1,250,10,55,69,20,5,50,10,42,13,6,12,6,46,12,0,0,0,0,0,6,0,0,0,0
13981666,Napoli,Away,60,2,2,14,1,3,12,501,15,15,3,5,0,7,2,9,5,2,0,19,3,1,421,16,37,42,31,2,50,14,33,21,3,10,6,46,32,0,0,1,3,0,9,1,1,1,0
13981664,Roma,Home,53,1,3,15,1,7,18,505,10,14,2,5,0,6,4,15,0,2,1,34,7,3,429,17,77,126,25,7,48,7,29,12,6,5,12,64,7,0,0,0,2,0,2,0,0,0,0
13981664,Cagliari,Away,47,0,1,3,3,1,14,475,14,18,4,1,1,2,0,2,1,0,1,6,2,0,379,14,38,26,13,0,52,3,38,6,7,9,15,57,26,0,0,0,1,1,8,0,0,0,0
13981655,Juventus,Home,63,2,4,34,0,8,10,630,23,4,0,8,0,13,13,20,14,2,2,50,1,7,558,29,57,163,16,11,50,11,35,16,8,14,7,59,8,0,-1,0,0,0,5,1,2,0,0
13981655,Lazio,Away,37,1,0,9,6,1,4,389,24,10,2,2,0,5,2,6,3,0,0,20,1,1,316,10,43,36,21,1,50,12,36,16,4,20,8,50,33,1,0,4,2,0,15,0,0,0,0
13981660,Sassuolo,Home,38,0,1,7,4,5,6,320,6,10,1,2,0,2,3,5,2,0,1,13,4,3,265,11,34,41,23,2,48,7,23,7,7,4,2,21,22,0,-1,2,1,0,9,0,0,1,0
13981660,Inter,Away,62,2,5,23,1,6,10,530,13,6,1,11,2,6,6,17,6,3,2,39,3,1,478,9,55,181,10,4,52,3,22,11,3,9,4,29,16,0,0,0,1,0,5,0,0,0,0
13981662,Hellas Verona,Home,61,0,0,3,3,8,13,464,8,16,1,0,1,3,0,1,2,0,0,7,2,0,358,27,61,42,17,1,51,7,24,31,1,4,5,49,39,1,0,0,0,0,4,0,0,0,0
13981662,Pisa,Away,39,0,2,11,0,4,16,294,9,13,2,3,1,5,3,9,2,0,2,20,0,1,195,29,48,30,24,4,49,4,23,29,4,4,9,50,45,0,0,0,1,1,5,0,1,0,0
13981656,Lecce,Home,54,1,3,16,0,7,9,377,17,21,1,5,1,5,6,8,8,1,2,23,3,3,268,24,67,84,22,8,50,6,40,21,5,12,5,55,26,2,0,0,0,0,10,0,1,0,0
13981656,Udinese,Away,46,0,1,6,3,0,21,339,16,8,2,1,0,4,1,2,4,1,0,9,1,2,236,14,42,37,17,0,50,9,36,24,11,12,7,53,34,0,0,1,2,1,13,1,0,0,0
13981650,Atalanta,Home,56,1,4,29,1,13,11,487,10,11,2,9,2,10,10,21,8,2,2,42,1,3,401,13,55,105,31,11,46,7,26,23,7,8,5,54,25,0,0,0,0,1,7,0,0,0,0
13981650,Cremonese,Away,44,0,2,12,7,2,11,388,8,11,0,2,0,7,3,7,5,1,1,20,2,3,296,22,50,52,33,6,54,6,25,32,8,4,11,43,36,1,0,1,1,1,10,1,0,0,0
13981670,Pisa,Home,34,0,2,7,0,3,14,338,12,9,1,2,0,3,2,3,4,1,1,8,2,1,267,18,43,58,15,2,45,6,23,14,3,9,12,36,18,0,0,0,1,0,10,0,1,0,0
13981670,Milan,Away,66,2,4,7,1,1,9,681,15,13,3,2,1,4,1,7,0,2,2,20,4,2,612,18,44,92,39,3,55,3,33,12,5,10,3,49,20,0,0,0,1,0,1,0,0,1,0
13981669,Torino,Home,47,0,0,7,5,4,14,385,13,10,3,2,0,1,4,5,2,0,0,12,2,2,304,17,46,43,21,4,50,4,29,13,6,7,9,40,22,0,0,1,0,0,12,0,0,0,0
13981669,Bologna,Away,53,1,4,15,1,2,10,448,6,14,1,7,0,6,2,11,4,1,3,26,1,1,371,25,55,73,30,2,50,7,31,11,13,5,6,41,20,0,0,0,0,1,3,0,0,0,0
13981663,Cagliari,Home,59,1,2,11,2,8,16,440,20,14,0,0,0,8,3,9,2,0,2,19,2,0,346,23,54,64,17,5,51,12,40,29,7,10,7,52,25,1,-1,0,1,0,6,1,1,0,0
13981663,Lecce,Away,41,1,2,13,0,2,14,301,21,16,0,4,0,3,6,12,1,1,1,26,5,0,217,24,42,50,24,4,49,14,43,23,6,12,8,42,33,0,0,0,0,0,13,0,0,0,0
13981671,Inter,Home,60,2,4,21,6,4,15,599,15,7,4,9,1,7,5,11,10,1,3,29,1,1,541,19,52,228,19,8,45,13,28,10,6,9,8,50,17,0,0,1,1,1,6,0,1,0,0
13981671,Juventus,Away,40,0,2,10,5,1,7,403,15,15,2,8,0,2,1,8,2,1,1,28,1,1,333,12,48,83,13,5,55,8,35,12,7,8,8,47,17,1,0,0,2,0,8,0,1,1,0
13981672,Udinese,Home,51,0,1,8,1,7,14,379,22,14,3,2,0,3,3,6,2,1,0,27,2,1,313,23,49,61,23,5,55,11,41,10,5,14,4,33,15,1,0,0,1,0,10,0,1,0,0
13981672,Sassuolo,Away,49,1,1,10,2,6,14,368,17,14,3,3,0,4,3,8,2,1,0,24,0,4,317,12,39,54,18,5,45,13,32,9,4,9,6,49,33,0,0,0,1,0,3,0,2,0,0
13981657,Cremonese,Home,35,1,0,19,6,6,10,259,18,12,2,8,1,4,7,14,5,0,0,30,3,0,181,11,55,64,35,11,52,9,31,29,2,6,5,37,34,0,1,2,3,0,11,0,0,0,0
13981657,Genoa,Away,65,1,1,19,8,11,12,516,16,10,0,6,0,7,6,13,6,0,1,34,2,1,458,21,45,96,11,7,48,10,31,25,6,13,3,44,34,0,2,0,0,1,3,0,0,0,0
13981668,Parma,Home,76,1,4,27,0,12,7,599,12,14,2,8,1,10,9,12,15,1,3,36,4,2,535,34,79,206,24,7,48,10,27,11,2,6,5,25,7,0,0,0,0,0,4,0,0,0,0
13981668,Hellas Verona,Away,24,0,1,4,5,1,14,201,16,6,1,1,0,2,1,2,2,1,0,9,1,0,131,12,45,22,19,2,52,6,29,13,7,13,4,27,49,0,0,1,2,2,13,0,0,1,0
13981667,Como,Home,67,0,2,16,1,4,14,568,19,12,4,3,0,10,3,12,4,0,2,31,1,3,506,12,62,134,7,7,55,1,37,17,7,12,4,48,13,0,0,0,0,0,5,1,0,1,0
13981667,Fiorentina,Away,33,1,3,7,3,2,12,280,6,13,2,3,0,2,2,4,3,2,1,10,2,2,214,11,43,41,11,1,45,15,37,8,18,5,10,38,17,0,0,0,0,0,10,0,1,0,0
13981659,Lazio,Home,50,1,4,18,2,5,10,478,16,16,1,5,2,7,6,11,7,0,4,27,3,3,414,17,54,95,30,8,58,4,31,5,4,13,8,42,9,2,0,0,0,0,7,0,0,0,0
13981659,Atalanta,Away,50,1,3,12,6,4,16,494,10,9,4,5,0,4,3,5,7,1,2,18,1,1,443,8,49,69,33,1,42,10,18,8,3,5,5,49,22,0,1,0,0,0,6,0,0,0,0
13981665,Napoli,Home,61,0,0,11,0,2,14,590,18,14,1,7,0,1,3,7,4,0,0,22,0,1,503,26,56,83,14,2,49,9,35,8,4,14,3,48,9,0,0,0,2,0,6,0,0,0,0
13981665,Roma,Away,39,1,2,9,5,1,14,358,14,13,1,2,0,4,3,7,2,2,0,24,6,2,300,12,47,73,12,7,51,9,33,12,6,11,11,61,35,0,-1,2,0,0,3,0,0,0,0
13981676,Genoa,Home,62,1,3,16,2,1,9,632,18,14,0,5,0,5,6,13,3,3,0,25,2,0,560,15,54,75,20,3,54,9,33,11,2,10,6,50,22,0,0,1,1,0,7,0,0,0,0
13981676,Torino,Away,38,0,1,7,2,3,14,380,18,9,1,3,0,3,1,4,3,0,1,10,0,1,303,16,46,85,22,1,46,8,30,8,3,9,15,47,16,1,0,0,1,0,10,1,0,1,0
13981678,Juventus,Home,52,0,2,11,0,7,10,481,16,15,1,3,1,6,2,7,4,0,2,24,3,4,412,13,50,76,24,3,59,6,39,8,10,7,2,43,11,1,0,0,0,0,9,1,1,0,0
13981678,Como,Away,48,1,2,11,3,2,15,456,13,10,0,2,1,7,2,6,5,1,1,17,1,0,392,12,50,62,25,3,41,5,24,9,2,5,6,46,24,0,0,1,4,0,10,0,0,0,0
13981681,Sassuolo,Home,47,2,4,8,1,6,12,426,13,13,2,4,0,3,1,7,1,2,2,17,2,1,368,11,45,65,16,5,50,9,29,9,4,8,9,43,36,0,0,0,6,2,9,0,0,0,0
13981681,Hellas Verona,Away,53,0,0,12,1,5,14,473,12,12,3,1,0,5,6,8,4,0,0,15,4,2,407,17,57,80,28,3,50,8,26,12,2,9,13,43,14,0,0,0,0,0,6,1,0,1,1
13981680,Milan,Home,67,1,2,25,2,5,13,626,10,10,2,6,1,10,9,17,8,0,2,63,3,1,578,16,65,259,19,14,46,6,28,11,8,5,12,56,11,1,0,0,0,0,5,0,5,0,0
13981680,Parma,Away,33,0,1,9,5,2,10,315,17,13,1,3,0,3,3,5,4,1,0,12,2,1,252,11,40,38,18,3,54,5,36,10,6,6,9,50,34,1,0,0,2,1,16,0,0,0,0
13981682,Roma,Home,58,2,3,23,0,9,12,487,12,11,1,5,1,12,6,19,4,2,1,42,3,0,412,23,82,135,18,8,50,5,29,20,6,6,6,47,19,0,0,0,1,0,4,0,0,0,0
13981682,Cremonese,Away,42,0,1,2,2,1,11,362,16,12,1,0,0,2,0,1,1,0,1,8,1,3,267,28,57,49,28,1,50,7,31,18,3,7,8,36,31,0,0,0,0,0,13,0,1,0,0
13981674,Cagliari,Home,42,0,1,11,3,3,12,460,15,15,3,2,1,8,1,7,4,0,1,14,1,2,396,11,29,35,17,5,51,8,37,5,8,8,5,47,16,0,0,1,1,0,10,0,0,1,0
13981674,Lazio,Away,58,0,0,10,2,6,15,646,13,12,2,3,0,4,3,6,4,0,0,20,2,0,587,14,78,138,21,4,49,4,31,10,6,7,7,44,5,0,0,1,0,0,10,0,0,0,0
13981679,Lecce,Home,32,0,0,3,6,2,10,285,16,8,1,0,0,3,0,1,2,0,0,11,1,3,211,15,45,38,28,1,39,13,28,12,4,9,5,46,49,0,0,0,0,1,14,0,0,0,0
13981679,Inter,Away,68,2,4,24,0,10,8,592,23,10,2,9,0,10,5,19,5,1,3,56,1,3,511,20,45,122,10,10,61,7,43,19,11,11,4,55,14,0,0,0,0,1,3,0,0,0,0
13981677,Fiorentina,Home,56,1,3,15,1,4,8,537,9,19,3,5,0,6,4,3,12,1,2,12,1,0,484,11,59,111,18,1,60,7,41,9,15,7,4,46,18,0,0,0,2,0,4,0,2,0,0
13981677,Pisa,Away,44,0,1,7,4,3,19,402,13,8,3,1,0,5,1,5,2,0,1,13,0,2,350,12,35,53,19,3,40,4,23,10,3,7,6,41,24,0,1,4,4,1,7,1,1,0,0
13981673,Atalanta,Home,57,0,1,10,3,6,10,521,17,9,1,7,0,2,1,8,2,1,0,17,2,1,435,20,65,166,26,4,51,10,33,21,7,15,12,63,21,0,0,0,1,1,7,0,1,0,0
13981673,Napoli,Away,43,1,1,10,5,1,9,405,21,10,1,4,0,4,2,6,4,1,0,19,1,2,320,16,47,61,12,1,49,7,40,11,10,12,11,64,27,0,0,2,3,0,8,0,0,0,0
13981675,Bologna,Home,46,1,2,11,3,4,10,341,34,12,1,6,0,3,2,6,5,1,1,16,2,3,262,22,40,50,20,3,60,8,50,15,6,18,11,38,33,0,0,1,0,0,5,0,1,0,0
13981675,Udinese,Away,54,0,0,10,4,7,13,398,14,10,1,3,0,3,4,6,4,0,0,22,2,3,320,26,37,60,24,2,40,15,33,10,11,8,12,44,19,2,0,0,0,0,6,0,0,0,0
13981694,Hellas Verona,Home,35,0,0,8,3,2,11,322,22,11,3,2,0,3,3,4,4,0,0,10,1,1,247,16,51,49,31,3,54,4,35,17,2,11,8,45,28,0,-1,1,0,0,6,0,1,0,0
13981694,Napoli,Away,65,0,2,8,1,5,11,596,7,11,4,5,0,3,1,5,3,1,1,25,0,2,518,22,50,132,28,0,46,9,26,18,8,5,3,50,20,0,0,0,0,1,7,0,1,0,0
13981689,Sassuolo,Home,24,1,4,7,6,3,3,208,18,13,2,5,0,1,1,6,1,1,3,13,1,1,144,8,27,38,17,5,55,10,34,13,4,15,11,44,41,1,1,1,3,1,12,0,0,1,0
13981689,Atalanta,Away,76,3,7,26,3,9,13,656,15,3,2,7,2,11,8,20,6,1,6,55,1,4,603,22,54,340,22,12,45,8,26,13,8,9,8,53,7,0,0,0,1,0,3,0,2,0,0
13981684,Inter,Home,56,1,3,14,3,10,13,544,23,7,2,6,2,2,6,12,2,2,1,38,1,2,477,14,57,141,21,5,52,9,41,15,11,11,11,46,14,1,0,0,0,0,9,0,1,0,0
13981684,Genoa,Away,44,0,1,6,4,2,8,432,21,13,1,2,0,3,1,3,3,0,1,20,1,1,371,14,32,58,13,3,48,13,39,12,5,14,13,45,21,1,0,1,0,1,4,0,0,0,0
13981687,Parma,Home,56,1,2,18,4,6,14,494,9,8,2,4,0,6,8,10,8,1,1,21,3,0,429,18,70,109,13,7,42,9,24,15,8,5,6,49,14,1,0,0,0,0,7,0,0,0,0
13981687,Cagliari,Away,44,0,1,11,3,3,8,397,15,14,4,5,0,3,3,6,5,0,1,16,0,2,333,16,46,56,20,0,58,6,40,13,14,10,10,48,25,1,0,1,0,0,6,0,0,0,0
13981683,Como,Home,69,3,5,12,1,5,15,607,12,12,0,7,0,3,2,12,0,3,2,27,2,1,527,27,55,92,26,4,55,7,30,18,6,5,7,55,20,0,0,0,0,1,3,0,7,0,0
13981683,Lecce,Away,31,0,1,5,3,1,12,271,12,15,1,2,0,1,2,1,4,1,0,7,3,2,197,21,49,44,26,1,45,10,31,9,5,8,14,48,25,0,0,0,1,0,9,1,0,0,0
13981688,Roma,Home,47,1,5,11,2,4,7,417,24,12,1,5,0,4,2,11,0,2,3,19,1,2,341,17,56,87,24,3,55,6,40,15,5,10,18,53,26,0,0,0,0,0,10,0,1,0,0
13981688,Juventus,Away,53,1,3,13,2,1,12,490,16,7,0,5,0,6,2,5,8,2,1,18,2,0,403,18,46,74,16,4,45,10,30,15,7,10,2,57,15,1,-1,1,1,0,10,0,0,0,0
13981685,Cremonese,Home,47,0,1,15,4,6,14,366,16,10,2,3,0,7,5,10,5,0,1,18,2,2,300,17,43,83,25,7,46,7,30,15,4,9,7,39,25,0,1,2,1,1,11,0,1,0,0
13981685,Milan,Away,53,3,7,20,3,7,10,435,14,14,0,6,0,9,5,15,5,1,6,32,2,3,374,15,49,103,20,5,54,8,39,14,11,5,10,50,32,2,0,0,3,0,9,0,2,0,0
13981691,Udinese,Home,35,1,3,10,0,5,16,299,22,11,1,7,0,1,2,8,2,3,0,13,3,0,238,14,41,43,21,4,52,5,41,13,7,16,10,40,30,0,0,0,0,1,12,0,0,0,0
13981691,Fiorentina,Away,65,0,0,10,4,2,12,556,14,16,4,0,0,6,4,5,5,0,0,17,3,0,488,19,52,92,26,7,48,8,37,13,8,9,9,41,17,1,0,0,0,0,7,1,0,0,0
13981686,Pisa,Home,41,0,3,6,0,7,15,327,23,12,0,3,0,0,3,4,2,0,3,11,0,5,226,25,57,53,35,2,52,1,36,21,1,14,7,48,14,0,0,0,1,0,7,0,0,0,0
13981686,Bologna,Away,59,0,2,8,2,4,12,491,5,15,2,1,1,5,2,6,2,0,2,16,1,2,408,14,63,93,47,3,48,10,24,28,4,2,9,56,38,0,0,1,1,3,1,0,1,0,0
13981690,Torino,Home,45,0,1,13,2,6,13,468,18,5,4,5,0,3,5,8,5,1,0,19,1,0,403,15,29,55,23,6,49,9,31,17,9,8,10,44,29,1,0,1,0,2,7,0,0,0,0
13981690,Lazio,Away,55,1,1,12,3,9,5,588,16,13,1,3,0,4,5,8,4,0,1,22,2,2,515,28,53,91,23,4,51,8,35,15,6,7,7,38,16,1,0,2,1,0,2,2,1,0,0
13981697,Juventus,Home,60,2,4,25,2,4,7,550,12,7,1,7,1,9,9,19,6,3,1,57,3,0,481,21,62,141,20,1,54,4,41,14,23,11,11,56,25,0,0,1,0,2,4,0,1,0,0
13981697,Pisa,Away,40,0,0,7,3,4,7,364,16,7,3,2,1,1,4,6,1,0,0,20,0,0,290,23,42,60,25,4,46,8,26,21,4,8,13,43,19,0,0,0,2,0,12,0,0,0,0
13981695,Atalanta,Home,68,1,2,22,0,11,7,601,20,10,1,4,1,13,5,14,8,2,0,33,2,0,506,17,72,104,30,8,48,7,33,10,3,14,3,51,9,0,-1,0,0,0,8,0,2,0,0
13981695,Udinese,Away,32,0,2,8,2,3,10,290,12,7,2,2,1,4,2,5,3,1,1,12,0,0,217,13,45,55,23,1,52,12,24,23,5,10,7,39,56,0,0,1,3,1,18,1,0,0,0
13981692,Bologna,Home,67,1,0,19,2,5,5,476,8,20,1,2,1,10,7,10,9,0,0,26,4,1,390,24,65,81,45,3,51,12,35,24,7,3,11,36,23,1,-1,1,0,1,8,0,1,0,0
13981692,Hellas Verona,Away,33,2,3,15,1,3,20,222,28,5,2,5,0,7,3,9,6,1,2,17,0,4,138,18,42,51,11,6,49,7,40,17,8,13,13,43,34,2,0,1,1,1,16,0,1,0,0
13981700,Milan,Home,37,0,1,9,2,1,8,382,15,12,2,2,0,6,1,6,3,1,0,16,0,2,327,8,43,42,19,2,59,6,34,7,7,8,7,53,33,2,0,0,2,1,8,0,1,0,0
13981700,Inter,Away,63,1,2,11,1,6,12,630,12,8,2,2,0,5,4,7,4,0,2,28,1,1,569,15,61,195,29,5,41,10,23,6,3,6,8,50,12,1,0,0,0,0,9,0,0,0,0
13981693,Cagliari,Home,43,0,1,8,0,2,17,364,17,18,3,3,0,1,4,4,4,1,0,16,4,7,283,18,55,54,21,3,47,16,49,10,15,10,12,48,24,1,0,0,1,0,6,0,0,0,0
13981693,Como,Away,57,0,1,8,2,3,18,493,28,17,1,2,0,3,3,4,4,1,0,17,2,2,407,17,53,64,25,2,53,13,45,21,5,16,11,45,28,0,0,1,1,0,1,0,1,0,0
13981698,Genoa,Home,36,2,3,11,0,3,11,254,14,16,1,5,0,5,1,8,3,2,1,25,3,1,154,25,59,54,17,4,52,6,32,30,2,10,16,38,32,0,0,0,1,1,8,0,0,0,0
13981698,Roma,Away,64,0,0,8,3,6,17,455,7,11,3,1,0,2,5,7,1,0,0,29,1,5,347,30,62,93,21,8,48,10,22,35,5,3,7,39,28,0,1,1,0,1,10,0,0,0,0
13981699,Lazio,Home,50,2,4,13,3,1,7,531,5,8,0,5,0,6,2,9,4,2,2,30,2,2,472,24,57,111,23,4,52,9,20,12,7,4,4,47,30,1,0,0,0,0,2,0,1,0,0
13981699,Sassuolo,Away,50,0,0,7,3,6,8,525,15,7,4,4,1,1,2,5,2,0,0,22,0,3,457,20,53,94,17,3,48,3,24,5,2,8,5,37,21,2,0,0,0,0,9,1,0,0,0
13981702,Napoli,Home,64,1,4,14,3,11,9,621,10,11,0,9,0,3,2,8,6,1,3,23,4,1,542,19,63,96,15,6,53,11,26,11,6,6,6,49,16,0,0,1,0,1,3,0,0,0,0
13981702,Torino,Away,36,0,1,7,7,2,11,346,19,9,3,4,0,0,3,3,4,0,1,11,2,1,272,21,52,36,27,1,47,4,28,5,2,10,13,42,16,1,0,2,0,0,8,0,1,0,0
13981696,Fiorentina,Home,56,1,2,12,0,7,12,501,13,14,2,1,0,6,5,8,4,0,2,34,1,1,445,10,69,132,17,6,48,7,33,14,8,7,6,38,19,1,0,0,0,0,10,0,1,0,0
13981696,Parma,Away,44,0,0,8,1,1,14,404,15,12,0,0,0,6,2,2,6,0,0,7,1,0,328,14,57,76,29,3,52,10,32,18,5,9,4,41,29,0,0,0,3,2,13,0,0,0,0
13981701,Lecce,Home,41,1,2,9,4,4,19,258,13,26,1,3,0,3,3,7,2,2,0,18,5,3,177,16,58,48,26,3,48,12,42,29,5,9,11,44,60,0,0,0,1,1,9,0,0,0,0
13981701,Cremonese,Away,59,1,2,10,1,4,27,355,20,19,4,5,0,3,2,8,2,1,1,18,2,2,250,37,72,54,31,4,52,6,45,32,7,13,4,43,21,0,0,1,1,1,7,1,0,1,0
13981714,Torino,Home,50,2,3,15,2,2,17,388,12,13,1,6,1,7,2,7,8,1,2,19,1,4,325,12,43,67,32,3,49,3,32,17,7,9,10,32,28,0,0,0,3,0,5,0,0,0,0
13981714,Parma,Away,50,0,1,6,3,7,13,389,6,17,3,3,0,2,1,4,2,1,0,12,1,3,322,20,65,67,29,3,51,5,29,21,7,3,6,28,23,0,-2,1,1,0,4,2,0,0,0
13981705,Inter,Home,58,1,3,16,2,2,11,653,19,5,2,3,0,10,3,11,5,0,3,42,0,3,575,11,51,139,17,7,56,10,30,13,7,14,8,52,27,1,0,0,0,0,4,1,0,0,0
13981705,Atalanta,Away,42,1,3,8,2,3,5,470,13,11,2,3,0,5,0,5,3,1,2,15,3,2,400,13,49,73,29,1,44,6,28,6,5,9,10,45,15,0,0,0,0,0,11,1,0,0,0
13981706,Pisa,Home,28,2,4,10,3,1,14,226,15,15,1,6,0,2,2,8,2,3,1,18,3,1,156,8,43,37,22,4,58,3,42,11,12,4,8,51,23,0,0,2,1,0,9,0,0,1,0
13981706,Cagliari,Away,72,1,3,14,3,5,16,572,10,14,4,4,1,6,4,9,5,1,2,18,4,1,500,23,84,108,15,8,42,8,29,9,6,7,3,44,11,0,0,1,0,0,6,0,0,1,0
13981712,Udinese,Home,45,0,1,10,7,2,12,401,7,14,3,2,0,7,1,4,6,0,1,9,1,0,341,16,34,54,28,1,43,11,26,10,6,4,10,36,28,0,0,2,0,0,6,0,0,0,0
13981712,Juventus,Away,55,3,5,22,2,6,14,484,17,12,1,8,1,9,5,16,6,1,4,52,2,3,418,12,55,135,31,6,57,6,31,16,5,10,6,46,10,0,0,0,0,0,7,0,2,0,0
13981708,Napoli,Home,70,1,1,12,1,7,11,601,18,7,0,4,0,6,2,7,5,1,0,27,1,0,528,24,46,104,19,3,48,8,31,17,6,9,7,48,17,1,0,1,2,1,9,0,1,0,0
13981708,Lecce,Away,30,1,2,12,2,7,7,246,20,11,1,2,0,6,4,8,4,1,1,16,4,0,185,23,44,43,17,6,52,13,37,15,7,16,5,37,24,0,0,0,0,3,11,0,0,0,0
13981710,Hellas Verona,Home,42,0,0,8,1,4,22,302,16,9,2,1,1,4,3,3,5,0,0,10,1,3,232,17,40,46,18,5,48,8,34,24,9,9,8,40,40,0,-1,0,1,0,3,0,0,0,0
13981710,Genoa,Away,58,0,0,11,1,2,9,430,16,22,1,3,0,3,5,7,4,0,0,17,4,1,350,21,47,49,28,2,52,11,43,21,6,10,6,37,26,0,0,0,1,3,6,0,0,0,0
13981711,Sassuolo,Home,55,0,0,9,2,7,16,422,10,11,1,3,0,4,2,6,3,0,0,21,4,1,344,22,57,88,19,4,49,12,27,17,7,4,3,45,16,0,0,0,1,1,10,0,0,0,0
13981711,Bologna,Away,45,1,0,16,3,4,11,355,20,16,2,3,0,8,5,8,8,0,0,19,2,2,273,14,59,72,29,3,51,7,35,11,3,9,6,40,29,0,1,2,1,1,10,0,0,0,0
13981703,Como,Home,66,1,4,22,0,7,16,549,7,18,2,7,2,7,8,15,7,2,2,35,3,0,477,13,56,92,26,4,54,11,37,21,12,4,4,45,16,0,0,0,1,1,5,0,2,0,0
13981703,Roma,Away,34,0,1,3,5,1,18,276,20,15,3,1,0,1,1,2,1,1,0,10,2,1,202,9,39,23,14,1,46,4,37,12,2,8,7,39,41,1,0,3,1,0,9,0,0,1,0
13981707,Lazio,Home,41,0,1,7,3,1,7,406,16,19,4,2,1,2,3,2,5,1,0,16,2,3,344,12,49,57,25,1,58,6,40,9,6,13,11,48,38,0,0,1,0,2,8,0,0,0,0
13981707,Milan,Away,59,1,2,17,2,9,19,561,15,7,1,3,0,8,6,12,5,0,2,41,2,4,501,22,54,121,25,9,42,7,25,10,5,10,8,49,16,0,0,0,0,0,4,0,1,0,0
13981704,Cremonese,Home,48,1,3,13,2,4,17,350,14,16,1,3,0,8,2,10,3,1,2,22,6,0,282,27,69,73,29,9,57,4,31,15,2,9,3,32,23,0,-1,1,1,0,6,0,0,0,0
13981704,Fiorentina,Away,52,1,2,13,2,6,16,398,4,17,0,6,0,3,4,9,4,2,0,22,2,2,335,17,38,68,23,4,43,9,23,12,5,2,7,45,39,0,0,0,1,2,8,0,1,0,0
13981715,Fiorentina,Home,40,2,3,16,3,3,16,383,4,12,3,6,0,7,3,9,7,1,2,21,2,5,320,11,48,65,23,1,38,10,19,11,3,2,9,51,31,0,0,0,0,1,6,0,0,0,0
13981715,Inter,Away,60,1,2,12,5,5,12,577,16,16,3,4,0,3,5,11,1,1,1,30,1,1,497,17,52,102,29,9,62,2,34,16,3,8,5,45,20,1,0,0,1,0,7,0,1,0,0
13981719,Juventus,Home,66,2,3,18,0,9,7,570,17,6,1,8,0,6,4,16,2,0,3,61,3,1,494,25,63,155,24,8,50,2,32,8,9,11,4,43,9,1,0,0,0,0,5,0,3,0,0
13981719,Sassuolo,Away,34,0,2,7,7,4,7,300,15,7,2,1,0,2,4,6,1,1,1,21,0,0,239,10,44,63,22,4,50,9,29,11,9,8,10,41,41,0,1,1,4,1,10,0,1,0,1
13981718,Como,Home,73,1,2,14,0,7,5,679,21,6,0,7,0,6,1,13,1,2,0,31,1,2,632,23,57,134,20,5,51,14,34,9,7,14,7,51,24,3,0,0,0,0,3,0,1,0,0
13981718,Pisa,Away,27,0,0,7,2,1,6,248,24,5,2,0,0,3,4,4,3,0,0,16,1,3,197,21,30,35,17,1,49,15,32,10,4,15,8,43,19,0,-2,1,1,0,7,1,1,0,0
13981713,Bologna,Home,54,1,1,15,3,2,13,585,14,7,1,4,1,9,2,10,5,0,1,29,1,3,528,20,64,83,25,5,53,4,31,9,9,8,8,46,18,2,0,2,1,0,3,0,0,0,0
13981713,Lazio,Away,46,1,5,9,3,1,8,511,9,13,1,5,0,1,3,5,4,2,3,17,1,1,435,19,37,48,28,0,47,7,28,8,7,6,8,42,26,0,1,1,1,0,10,0,1,0,1
13981709,Atalanta,Home,60,0,3,11,3,2,12,533,17,16,1,3,1,7,1,7,4,0,3,30,3,0,445,26,61,119,35,5,48,9,36,22,5,10,10,43,26,0,0,2,0,0,8,0,1,0,0
13981709,Hellas Verona,Away,40,0,1,12,1,4,16,353,18,12,3,3,0,7,2,6,6,0,1,18,1,1,276,25,45,49,15,6,52,8,40,23,10,12,9,46,29,0,0,0,0,0,8,0,1,0,0
13981722,Roma,Home,67,0,1,14,2,10,14,577,8,17,2,2,0,7,5,12,2,1,0,33,1,5,472,30,74,108,15,7,46,17,26,30,4,5,11,47,16,1,0,0,2,1,5,0,2,0,0
13981722,Lecce,Away,33,1,1,8,1,2,17,279,28,14,2,3,0,3,2,5,3,0,1,13,2,0,182,17,44,25,18,2,54,5,48,19,6,13,15,49,39,0,0,1,0,0,6,0,0,0,0
13981717,Cagliari,Home,33,0,0,7,4,2,12,324,17,16,2,0,0,7,0,4,3,0,0,19,0,0,256,22,41,40,29,1,51,5,33,6,2,10,8,41,23,0,1,0,0,1,6,0,0,0,0
13981717,Napoli,Away,67,1,3,17,0,7,16,682,9,12,2,5,1,4,8,8,9,1,2,27,2,2,613,12,59,142,18,2,49,8,22,15,5,5,3,44,24,2,0,0,2,2,10,0,2,0,0
13981721,Parma,Home,52,0,0,8,2,3,20,398,7,15,3,1,0,4,3,3,5,0,0,16,4,0,318,32,77,62,17,6,47,10,29,22,7,2,4,37,15,0,0,1,0,0,4,0,0,0,0
13981721,Cremonese,Away,48,0,1,7,1,1,15,387,20,20,3,4,0,2,1,4,3,1,0,5,2,3,319,13,32,31,29,2,53,3,44,13,5,13,4,33,36,0,0,0,0,0,7,0,0,0,0
13981716,Genoa,Home,62,1,2,18,2,7,5,450,18,13,1,2,2,11,5,8,10,0,2,27,1,1,374,22,57,83,26,8,57,6,37,15,6,8,7,41,7,0,-1,0,0,0,3,1,1,0,0
13981716,Udinese,Away,38,1,1,6,2,1,13,283,13,5,5,4,0,1,1,4,2,1,0,11,0,1,208,13,20,25,12,3,43,7,22,18,5,8,8,38,49,1,0,0,0,2,11,0,0,0,0
13981724,Milan,Home,63,1,1,15,5,4,9,565,8,10,3,6,0,3,6,9,6,1,0,18,3,1,501,20,64,133,22,3,48,7,24,7,7,5,8,39,21,0,0,0,1,0,8,0,0,0,0
13981724,Torino,Away,37,2,3,19,3,6,10,315,14,8,2,7,1,9,3,13,6,2,1,25,2,2,265,18,40,76,11,10,52,5,25,9,2,8,14,42,25,0,0,2,0,0,2,0,0,0,0
